Asherons Call Quest QB List,,,,,,,,,,,,
Designed for Infinite Frosthaven Server - Thanks to Joneseh for their quest list and Havingfun for their qb export,,,,,,,,,,,,
Quest,Quest Link,Repeat,Qb,LP,Fellow,ACE,Optional qb,Level Req,Rec. Level,Rec. Level,Notes,Complete
Alfrin's_Stolen_Supplies,http://acpedia.org/wiki/Alfrin's_Stolen_Supplies,No,6,No,No,Yes,,0,0,0,,FALSE
Altar_of_Bael'Zharon_Quest,http://acpedia.org/wiki/Altar_of_Bael'Zharon_Quest,,0,,,,,0,0,0,,FALSE
An_Aun_Hea_Romance,http://acpedia.org/wiki/An_Aun_Hea_Romance,,3,,,,,0,0,0,,FALSE
Aun_Tanua's_War_Taiaha_Quest,http://acpedia.org/wiki/Aun_Tanua's_War_Taiaha_Quest,,3,,,,,0,0,0,,FALSE
Beltslora's_Pretty_Shirt_Quest,http://acpedia.org/wiki/Beltslora's_Pretty_Shirt_Quest,,1,,,,,0,0,0,,FALSE
Bestowers'_Guild_of_Dereth,http://acpedia.org/wiki/Bestowers'_Guild_of_Dereth,,35,,,,,0,0,0,,FALSE
Bleeargh's_Gratitude,http://acpedia.org/wiki/Bleeargh's_Gratitude,,14,,,,,0,0,0,,FALSE
Blood_Shreth_Kill_Task,http://acpedia.org/wiki/Blood_Shreth_Kill_Task,No,2,,,,,0,0,,,FALSE
Brogord's_Demise,http://acpedia.org/wiki/Brogord's_Demise,No,2,No,No,No,,0,0,0,,FALSE
Broker_Contracts,http://acpedia.org/wiki/Broker_Contracts,,4,,,,,0,0,0,,FALSE
Bronze_Statues_Quest,http://acpedia.org/wiki/Bronze_Statues_Quest,,52,,,,,0,0,0,,FALSE
Captain_K'rank's_Errands,http://acpedia.org/wiki/Captain_K'rank's_Errands,,8,,,,,0,0,0,,FALSE
Carenzi_Plague,http://acpedia.org/wiki/Carenzi_Plague,,14,,,,,0,0,0,,FALSE
Colosseum_Arena,http://acpedia.org/wiki/Colosseum_Arena,,31,,,,,0,0,0,,FALSE
Colosseum_Bosses,http://acpedia.org/wiki/Colosseum_Bosses,,24,,,,,0,0,0,,FALSE
Cow_Tipping,http://acpedia.org/wiki/Cow_Tipping,,3,,,,,0,0,0,,FALSE
Dericost_Ruin_Quest,http://acpedia.org/wiki/Dericost_Ruin_Quest,,2,,,,,0,0,0,,FALSE
Drudge_Charm_Quest,http://acpedia.org/wiki/Drudge_Charm_Quest,,1,,,,,0,0,0,,FALSE
Drudge_Lurker_Kill_Task,http://acpedia.org/wiki/Drudge_Lurker_Kill_Task,No,4,,,,,0,0,,,FALSE
Eleonora's_Heart_Quest,http://acpedia.org/wiki/Eleonora's_Heart_Quest,,2,,,,,0,0,0,,FALSE
Ercel's_Lost_Book,http://acpedia.org/wiki/Ercel's_Lost_Book,,1,,,,,0,0,0,,FALSE
Falatacot_Medallion_(Low),http://acpedia.org/wiki/Falatacot_Medallion_(Low),,1,,,,,0,0,0,,FALSE
Female_Tusker_Tusk_Quest,http://acpedia.org/wiki/Female_Tusker_Tusk_Quest,,1,,,,,0,0,0,,FALSE
Flags,http://acpedia.org/wiki/Flags,,1,,,,,0,0,0,,FALSE
Four_Stones_of_Jojii,http://acpedia.org/wiki/Four_Stones_of_Jojii,,4,,,,,0,0,0,,FALSE
Gardener_Pincer_Quest,http://acpedia.org/wiki/Gardener_Pincer_Quest,,1,,,,,0,0,0,,FALSE
Gem_of_Impulse_Quest,http://acpedia.org/wiki/Gem_of_Impulse_Quest,,1,,,,,0,0,0,,FALSE
Gift_Box_Quest,http://acpedia.org/wiki/Gift_Box_Quest,,5,,,,,0,0,0,,FALSE
Glenden_Wood_Crafters,http://acpedia.org/wiki/Glenden_Wood_Crafters,,30,,,,,0,0,0,,FALSE
Harvest_Reaper_Kill_Task,http://acpedia.org/wiki/Harvest_Reaper_Kill_Task,No,4,,,,,0,0,,,FALSE
Harvester_Pincer_Quest,http://acpedia.org/wiki/Harvester_Pincer_Quest,,1,,,,,0,0,0,,FALSE
Heritage_Regalia_Masks,http://acpedia.org/wiki/Heritage_Regalia_Masks,,4,,,,,0,0,0,,FALSE
Hidden_Presents,http://acpedia.org/wiki/Hidden_Presents,,4,,,,,0,0,0,,FALSE
House_Plants,http://acpedia.org/wiki/House_Plants,,3,,,,,0,0,0,,FALSE
Hunt_for_Hea_Tuperea,http://acpedia.org/wiki/Hunt_for_Hea_Tuperea,,0,,,,,0,0,0,,FALSE
Larry's_Ruined_Garden,http://acpedia.org/wiki/Larry's_Ruined_Garden,,0,,,,,0,0,0,,FALSE
Lou_Ei's_Stolen_Bracelet,http://acpedia.org/wiki/Lou_Ei's_Stolen_Bracelet,,1,,,,,0,0,0,,FALSE
Lou_Ka's_Stolen_Items,http://acpedia.org/wiki/Lou_Ka's_Stolen_Items,,10,,,,,0,0,0,,FALSE
Lubziklan_al-Luq's_Stolen_Goods,http://acpedia.org/wiki/Lubziklan_al-Luq's_Stolen_Goods,,9,,,,,0,0,0,,FALSE
Machinist's_Gloves_Quest,http://acpedia.org/wiki/Machinist's_Gloves_Quest,,1,,,,,0,0,0,,FALSE
Magical_Lights,http://acpedia.org/wiki/Magical_Lights,,1,,,,,0,0,0,,FALSE
Major_Prismatic_Stone_Quest,http://acpedia.org/wiki/Major_Prismatic_Stone_Quest,,2,,,,,0,0,0,,FALSE
Male_Tusker_Tusk_Quest,http://acpedia.org/wiki/Male_Tusker_Tusk_Quest,,1,,,,,0,0,0,,FALSE
Mindorla's_Letter,http://acpedia.org/wiki/Mindorla's_Letter,,2,,,,,0,0,0,,FALSE
Miyako's_Moonstone_Quest,http://acpedia.org/wiki/Miyako's_Moonstone_Quest,,1,,,,,0,0,0,,FALSE
Mnemosyne_Quest,http://acpedia.org/wiki/Mnemosyne_Quest,,0,,,,,0,0,0,,FALSE
Monster_Fights,https://asheron.fandom.com/wiki/Monster_Fights,,10,,,,,0,0,0,,FALSE
Nen_Ai's_Pet_Drudge,http://acpedia.org/wiki/Nen_Ai's_Pet_Drudge,,3,,,,,0,0,0,,FALSE
Non-Quest,http://acpedia.org/wiki/Non-Quest,,84,,,,,0,0,0,Check out QB list for full list of non quest QBs,FALSE
Note_of_Congratulation,http://acpedia.org/wiki/Note_of_Congratulation,,2,,,,,0,0,0,,FALSE
Olthoi_Drone_Kill_Task,http://acpedia.org/wiki/Olthoi_Drone_Kill_Task,No,4,,,,,0,0,,,FALSE
Olthoi_Nettler_Kill_Task,http://acpedia.org/wiki/Olthoi_Nettler_Kill_Task,No,4,,,,,0,0,,,FALSE
Olthoi_Nymph_Kill_Task,http://acpedia.org/wiki/Olthoi_Nymph_Kill_Task,No,4,,,,,0,0,,,FALSE
Package_Delivery,http://acpedia.org/wiki/Package_Delivery,,4,,,,,0,0,0,,FALSE
Pet_Shop_Quest,http://acpedia.org/wiki/Pet_Shop_Quest,,3,,,,,0,0,0,,FALSE
Pumpkin_Lord_Kill_Task,http://acpedia.org/wiki/Pumpkin_Lord_Kill_Task,No,1,,,,,0,0,,,FALSE
Raeta's_Necklace_Quest,http://acpedia.org/wiki/Raeta's_Necklace_Quest,,2,,,,,0,0,0,,FALSE
Rat_Catcher,http://acpedia.org/wiki/Rat_Catcher,,4,,,,,0,0,0,,FALSE
Resting_Place_Quest,http://acpedia.org/wiki/Resting_Place_Quest,,7,,,,,0,0,0,,FALSE
Ruschk_Aspect_of_Grael_Quest,http://acpedia.org/wiki/Ruschk_Aspect_of_Grael_Quest,,7,,,,,0,0,0,,FALSE
Siraluun_Claw,https://asheron.fandom.com/wiki/Siraluun_Claw,,32,,,,,0,0,0,,FALSE
Snowman_Village,http://acpedia.org/wiki/Snowman_Village,,1,,,,,0,0,0,,FALSE
Splitting_Grael_(Low),http://acpedia.org/wiki/Splitting_Grael_(Low),,6,,,,,0,0,0,,FALSE
Tanada_House_of_Pancakes_Quest,http://acpedia.org/wiki/Tanada_House_of_Pancakes_Quest,,4,,,,,0,0,0,,FALSE
The_Empyrean_Portalspace_Stabilizer,http://acpedia.org/wiki/The_Empyrean_Portalspace_Stabilizer,,9,,,,,0,0,0,,FALSE
The_Missing_Necklace,http://acpedia.org/wiki/The_Missing_Necklace,,2,,,,,0,0,0,,FALSE
The_Moars_(No_Restriction),http://acpedia.org/wiki/The_Moars_(No_Restriction),,0,,,,,0,0,0,,FALSE
The_Old_Dry_Well,http://acpedia.org/wiki/The_Old_Dry_Well,,1,,,,,0,0,0,,FALSE
Thrungus_Hovels,http://acpedia.org/wiki/Thrungus_Hovels,,10,,,,,0,0,0,,FALSE
Trade_Alliance_Quest,http://acpedia.org/wiki/Trade_Alliance_Quest,,11,,,,,0,0,0,,FALSE
Training_Academy_Quest,http://acpedia.org/wiki/Training_Academy_Quest,Yes,19,No,No,Yes,,0,0,0,"Need 2 Chars, one to skip academy and one to complete for full qb",FALSE
Ulgrim's_Casting_Stein,http://acpedia.org/wiki/Ulgrim's_Casting_Stein,,3,,,,,0,0,0,,FALSE
Undead_Mechanic_Quest,http://acpedia.org/wiki/Undead_Mechanic_Quest,,20,,,,,0,0,0,,FALSE
Virindi_Masks,http://acpedia.org/wiki/Virindi_Masks,,0,,,,,0,0,0,,FALSE
Wedding_Trials,http://acpedia.org/wiki/Wedding_Trials,,4,,,,,0,0,0,,FALSE
Worcer's_Missing_Heirlooms,http://acpedia.org/wiki/Worcer's_Missing_Heirlooms,No,9,No,No,Yes,,0,0,0,,FALSE
Zombie_Butler_Quest,http://acpedia.org/wiki/Zombie_Butler_Quest,,0,,,,,0,0,0,,FALSE
Rusted_Knife_Quest,http://acpedia.org/wiki/Rusted_Knife_Quest,,1,,,,,0,5,5,,FALSE
Search_for_Abmim_ibn_Ibsar_&_Mad_Star_Investigation,http://acpedia.org/wiki/Search_for_Abmim_ibn_Ibsar_&_Mad_Star_Investigation,,4,,,,,0,5,5,,FALSE
The_Beacon,http://acpedia.org/wiki/The_Beacon,,3,,,,,0,5,5,,FALSE
Crafter_Quest,http://acpedia.org/wiki/Crafter_Quest,,27,,,,,0,10,10,,FALSE
Dagger_of_Tikola_Quest,http://acpedia.org/wiki/Dagger_of_Tikola_Quest,,1,,,,,10,10,10,,FALSE
Facility_Hub_Quests,http://acpedia.org/wiki/Facility_Hub_Quests,,44,,,,,10,10,10,,FALSE
Glenden_Wood_Dungeon_Quest,http://acpedia.org/wiki/Glenden_Wood_Dungeon_Quest,,0,,,,,0,10,10,,FALSE
Ice_Tachi_Quest,http://acpedia.org/wiki/Ice_Tachi_Quest,,1,,,,,0,10,10,,FALSE
Polardillo_Kill_Task,http://acpedia.org/wiki/Polardillo_Kill_Task,No,2,,,,,10,10,,,FALSE
Superior_Helmet_&_Fiery_Shield,http://acpedia.org/wiki/Superior_Helmet_&_Fiery_Shield,,0,,,,,10,10,10,,FALSE
Tusker_Crimsonback_Tusk_Quest,http://acpedia.org/wiki/Tusker_Crimsonback_Tusk_Quest,,1,,,,,12,12,12,,FALSE
Staff_of_the_Nomads_Quest,http://acpedia.org/wiki/Staff_of_the_Nomads_Quest,,0,,,,,14,14,14,,FALSE
Asheron's_Departure_Lower,http://acpedia.org/wiki/Asheron's_Departure_Lower,,2,,,,,15,15,15,,FALSE
Baron's_Amulet_of_Life_Giving_Quest,http://acpedia.org/wiki/Baron's_Amulet_of_Life_Giving_Quest,,1,,,,,0,15,15,,FALSE
Goldenback_Tusker_Tusk_Quest,http://acpedia.org/wiki/Goldenback_Tusker_Tusk_Quest,,1,,,,,15,15,15,,FALSE
Green_Mire_Grave_Quest,http://acpedia.org/wiki/Green_Mire_Grave_Quest,,2,,,,,0,15,15,,FALSE
Kilif_Zefir_Kill_Task,http://acpedia.org/wiki/Kilif_Zefir_Kill_Task,No,4,,,,,15,15,,,FALSE
Metos_Motes,http://acpedia.org/wiki/Metos_Motes,,4,,,,,15,15,15,,FALSE
Moarsmen_on_the_Shores_(Redspire),http://acpedia.org/wiki/Moarsmen_on_the_Shores_(Redspire),,2,,,,,0,15,15,,FALSE
Nuhmudira's_Boon_Quest,http://acpedia.org/wiki/Nuhmudira's_Boon_Quest,,0,,,,,15,15,15,,FALSE
Ritual_of_the_Blight,http://acpedia.org/wiki/Ritual_of_the_Blight,,6,,,,,15,15,15,,FALSE
Small_Fledgling_Mukkir_Kill_Task,http://acpedia.org/wiki/Small_Fledgling_Mukkir_Kill_Task,No,4,,,,,15,15,,,FALSE
Swamp_Temple_Quest,http://acpedia.org/wiki/Swamp_Temple_Quest,,0,,,,,15,15,15,,FALSE
The_Callous_Heart_Quest_(Low),http://acpedia.org/wiki/The_Callous_Heart_Quest_(Low),,2,,,,,15,15,15,,FALSE
The_Hunt_for_Muldaveus,http://acpedia.org/wiki/The_Hunt_for_Muldaveus,,5,,,,,15,15,15,,FALSE
Atlan_Weapons_Quest,http://acpedia.org/wiki/Atlan_Weapons_Quest,,0,,,,,0,20,20,,FALSE
Composite_Weapons_Quest,http://acpedia.org/wiki/Composite_Weapons_Quest,,0,,,,,0,20,20,,FALSE
Elysa's_Favor_Quest,http://acpedia.org/wiki/Elysa's_Favor_Quest,,22,,,,,20,20,20,,FALSE
Fenmalain_Vestibule_Quest,http://acpedia.org/wiki/Fenmalain_Vestibule_Quest,,1,,,,,20,20,20,,FALSE
Gaerlan's_Citadel,https://asheron.fandom.com/wiki/Gaerlan%27s_Citadel,,57,,,,,20,20,20,,FALSE
Gaerlan's_Citadel_(Low),http://acpedia.org/wiki/Gaerlan's_Citadel_(Low),,0,,,,,20,20,20,,FALSE
Impious_Staff_Quest,http://acpedia.org/wiki/Impious_Staff_Quest,,4,,,,,20,20,20,,FALSE
Jacob's_Axe_Quest,http://acpedia.org/wiki/Jacob's_Axe_Quest,,1,,,,,0,20,20,,FALSE
Lesser_Olthoi_Armor,http://acpedia.org/wiki/Lesser_Olthoi_Armor,,0,,,,,20,20,20,"Each Armor set does not give new qb, the flags are the same.",FALSE
Lilitha's_Lost_Bow,http://acpedia.org/wiki/Lilitha's_Lost_Bow,,1,,,,,0,20,20,,FALSE
Littoral_Siraluun_Kill_Task,http://acpedia.org/wiki/Littoral_Siraluun_Kill_Task,No,2,,,,,20,20,,,FALSE
Mausoleum_of_Bitterness_Quest,http://acpedia.org/wiki/Mausoleum_of_Bitterness_Quest,,2,,,,,20,20,20,,FALSE
Olthoi_Chasm_Quest,http://acpedia.org/wiki/Olthoi_Chasm_Quest,,5,,,,,20,20,20,,FALSE
Putiputipuh's_Onga,http://acpedia.org/wiki/Putiputipuh's_Onga,,11,,,,,20,20,20,,FALSE
Quiddity_Orb_Quest,http://acpedia.org/wiki/Quiddity_Orb_Quest,,2,,,,,20,20,20,,FALSE
Shackles_of_Obedience_Quest,http://acpedia.org/wiki/Shackles_of_Obedience_Quest,,0,,,,,20,20,20,,FALSE
Sunstone_and_Opal_Gauntlets_Quest,http://acpedia.org/wiki/Sunstone_and_Opal_Gauntlets_Quest,,1,,,,,20,20,20,,FALSE
Tanada_House_of_Water's_Directives,http://acpedia.org/wiki/Tanada_House_of_Water's_Directives,,0,,,,,20,20,20,,FALSE
Tibri's_Fire_Spear_Quest,http://acpedia.org/wiki/Tibri's_Fire_Spear_Quest,,1,,,,,0,20,20,,FALSE
Trothyr's_Rest_Quest,http://acpedia.org/wiki/Trothyr's_Rest_Quest,,0,,,,,0,20,20,,FALSE
Tusker_Redeemer_Tusk_Quest,http://acpedia.org/wiki/Tusker_Redeemer_Tusk_Quest,,1,,,,,20,20,20,,FALSE
Empyrean_Cloister_Quest,http://acpedia.org/wiki/Empyrean_Cloister_Quest,,4,,,,,21,21,21,,FALSE
Crafting_Golems,http://acpedia.org/wiki/Crafting_Golems,,2,,,,,25,25,25,,FALSE
Empyrean_Fire_Propylaeum_Quest,http://acpedia.org/wiki/Empyrean_Fire_Propylaeum_Quest,,4,,,,,25,25,25,,FALSE
Empyrean_Ice_Propylaeum_Quest,http://acpedia.org/wiki/Empyrean_Ice_Propylaeum_Quest,,4,,,,,25,25,25,,FALSE
Feud_of_Neydisa_and_Bandit_Castle,http://acpedia.org/wiki/Feud_of_Neydisa_and_Bandit_Castle,,3,,,,,0,25,25,,FALSE
Fledgemaster's_Tusk_Quest,http://acpedia.org/wiki/Fledgemaster's_Tusk_Quest,,2,,,,,0,25,25,,FALSE
Mace_of_the_Explorer_Quest,http://acpedia.org/wiki/Mace_of_the_Explorer_Quest,,2,,,,,0,25,25,,FALSE
Mi_Krau-Li's_Jitte_Quest,http://acpedia.org/wiki/Mi_Krau-Li's_Jitte_Quest,,7,,,,,25,25,25,,FALSE
Singularity_Weapons_Quest,http://acpedia.org/wiki/Singularity_Weapons_Quest,,3,,,,,25,25,25,,FALSE
Tusker_Liberator_Tusk_Quest,http://acpedia.org/wiki/Tusker_Liberator_Tusk_Quest,,1,,,,,25,25,25,,FALSE
Virindi_Spells_Quest,http://acpedia.org/wiki/Virindi_Spells_Quest,,3,,,,,25,25,25,,FALSE
Shadow_Captain's_Heaume_Quest,http://acpedia.org/wiki/Shadow_Captain's_Heaume_Quest,,2,,,,,26,26,26,,FALSE
Branith's_Stolen_Possessions,http://acpedia.org/wiki/Branith's_Stolen_Possessions,,0,,,,,0,30,30,,FALSE
Bronze_Gauntlet_Trooper_Kill_Task,http://acpedia.org/wiki/Bronze_Gauntlet_Trooper_Kill_Task,No,2,,,,,30,30,,,FALSE
Copper_Cog_Trooper_Kill_Task,http://acpedia.org/wiki/Copper_Cog_Trooper_Kill_Task,No,2,,,,,30,30,,,FALSE
Deathcap_Thrungus_Kill_Task,http://acpedia.org/wiki/Deathcap_Thrungus_Kill_Task,No,4,,,,,30,30,,,FALSE
Dire_Mattekar_Kill_Task,http://acpedia.org/wiki/Dire_Mattekar_Kill_Task,No,2,,,,,30,30,,,FALSE
Frest_Greelving's_Haunted_Mansion,http://acpedia.org/wiki/Frest_Greelving's_Haunted_Mansion,,5,,,,,0,30,30,,FALSE
Gearknight_Lesser_Lords,http://acpedia.org/wiki/Gearknight_Lesser_Lords,,3,,,,,30,30,30,,FALSE
Inner_Sea_Aetherium_Collection,http://acpedia.org/wiki/Inner_Sea_Aetherium_Collection,,1,,,,,30,30,30,,FALSE
Iron_Blade_Trooper_Kill_Task,http://acpedia.org/wiki/Iron_Blade_Trooper_Kill_Task,No,2,,,,,30,30,,,FALSE
Mountain_Sewer_Quest,http://acpedia.org/wiki/Mountain_Sewer_Quest,,0,,,,,15,30,30,,FALSE
Plateau_Village_Transit,http://acpedia.org/wiki/Plateau_Village_Transit,,3,,,,,30,30,30,,FALSE
Soldier_Pincer_Quest,http://acpedia.org/wiki/Soldier_Pincer_Quest,,1,,,,,30,30,30,,FALSE
Sword_of_Lost_Light_Quest,http://acpedia.org/wiki/Sword_of_Lost_Light_Quest,,2,,,,,0,30,30,,FALSE
The_Callous_Heart_Quest_(Medium),http://acpedia.org/wiki/The_Callous_Heart_Quest_(Medium),,1,,,,,30,30,30,,FALSE
Tusker_Slave_Tusk_Quest,http://acpedia.org/wiki/Tusker_Slave_Tusk_Quest,,1,,,,,30,30,30,,FALSE
Acid_Axe_Quest,http://acpedia.org/wiki/Acid_Axe_Quest,No,1,No,No,Yes,No,0,35,35,,FALSE
Ebon_Gromnie_Kill_Task,http://acpedia.org/wiki/Ebon_Gromnie_Kill_Task,No,2,,,,,35,35,,,FALSE
Fiery_Weapons,http://acpedia.org/wiki/Fiery_Weapons,,0,,,,,0,35,35,,FALSE
Hea_Bone_and_Hide_Shirt_Quest,http://acpedia.org/wiki/Hea_Bone_and_Hide_Shirt_Quest,,7,,,,,35,35,35,,FALSE
Moarsmen_on_the_Shores_(Mayoi),http://acpedia.org/wiki/Moarsmen_on_the_Shores_(Mayoi),,2,,,,,0,35,35,,FALSE
Path_of_the_Jojii_Adherent,http://acpedia.org/wiki/Path_of_the_Jojii_Adherent,,9,,,,,35,35,35,,FALSE
Silver_Scope_Trooper_Kill_Task,http://acpedia.org/wiki/Silver_Scope_Trooper_Kill_Task,No,2,,,,,35,35,,,FALSE
Worker_Pincer_Quest,http://acpedia.org/wiki/Worker_Pincer_Quest,,1,,,,,0,35,35,,FALSE
Sword_of_Lost_Hope_Quest,http://acpedia.org/wiki/Sword_of_Lost_Hope_Quest,,1,,,,,36,36,36,,FALSE
Virindi_Servant's_Amulet_Quest,http://acpedia.org/wiki/Virindi_Servant's_Amulet_Quest,,1,,,,,36,36,36,,FALSE
Abandoned_Shops_Quest,http://acpedia.org/wiki/Abandoned_Shops_Quest,No,1,No,No,Yes,No,40,40,40,,FALSE
Aetherium_Raid_(Low),http://acpedia.org/wiki/Aetherium_Raid_(Low),,5,,,,,40,40,40,,FALSE
Arcanum_Furniture,http://acpedia.org/wiki/Arcanum_Furniture,,3,,,,,20,40,40,,FALSE
Asheron's_Raiment_Quest_(Low),http://acpedia.org/wiki/Asheron's_Raiment_Quest_(Low),,1,,,,,40,40,40,,FALSE
Assault_Quest_(Low),http://acpedia.org/wiki/Assault_Quest_(Low),,2,,,,,40,40,40,,FALSE
Bandit_Shield_Quest,http://acpedia.org/wiki/Bandit_Shield_Quest,,0,,,,,0,40,40,,FALSE
Brewmaster_Quest,http://acpedia.org/wiki/Brewmaster_Quest,,4,,,,,40,40,40,,FALSE
Bur_Portal_Summoning_(Low),http://acpedia.org/wiki/Bur_Portal_Summoning_(Low),,1,,,,,40,40,40,,FALSE
Burun_History,http://acpedia.org/wiki/Burun_History,,10,,,,,40,40,40,,FALSE
Caulnalain_Vestibule_Quest,http://acpedia.org/wiki/Caulnalain_Vestibule_Quest,,0,,,,,40,40,40,,FALSE
Crafting_Forges_(Low),http://acpedia.org/wiki/Crafting_Forges_(Low),,2,,,,,40,40,40,,FALSE
Crown_of_Bone_Quest,http://acpedia.org/wiki/Crown_of_Bone_Quest,,1,,,,,0,40,40,,FALSE
Dryreach_Rescue,http://acpedia.org/wiki/Dryreach_Rescue,,2,,,,,0,40,40,,FALSE
Engorged_Eater_Jaw_Quest,http://acpedia.org/wiki/Engorged_Eater_Jaw_Quest,,1,,,,,40,40,40,,FALSE
Exploration_Society_Letters,http://acpedia.org/wiki/Exploration_Society_Letters,,0,,,,,40,40,40,,FALSE
Faces_of_the_Mukkir_(Low),http://acpedia.org/wiki/Faces_of_the_Mukkir_(Low),,1,,,,,40,40,40,,FALSE
Farmer_Kao's_Plea_for_Help,http://acpedia.org/wiki/Farmer_Kao's_Plea_for_Help,,5,,,,,40,40,40,,FALSE
Gaerlan's_Citadel_(Mid),http://acpedia.org/wiki/Gaerlan's_Citadel_(Mid),,0,,,,,40,40,40,,FALSE
Gold_Gear_Trooper_Kill_Task,http://acpedia.org/wiki/Gold_Gear_Trooper_Kill_Task,No,2,,,,,40,40,,,FALSE
Gold_Hill_Ruins_Quest,http://acpedia.org/wiki/Gold_Hill_Ruins_Quest,,0,,,,,0,40,40,,FALSE
Good_Olthoi_Armor,http://acpedia.org/wiki/Good_Olthoi_Armor,,0,,,,,40,40,40,"Each Armor set does not give new qb, the flags are the same.",FALSE
Grael's_Rage,http://acpedia.org/wiki/Grael's_Rage,,5,,,,,40,40,40,,FALSE
Hammer_of_Lightning_Quest,http://acpedia.org/wiki/Hammer_of_Lightning_Quest,,0,,,,,0,40,40,,FALSE
Hea_Windreave_Kill_Task,http://acpedia.org/wiki/Hea_Windreave_Kill_Task,No,2,,,,,40,40,,,FALSE
King_Toad_Idol_Quest,http://acpedia.org/wiki/King_Toad_Idol_Quest,,13,,,,,40,40,40,,FALSE
Knights_of_Karlun_Quest,http://acpedia.org/wiki/Knights_of_Karlun_Quest,,8,,,,,40,40,40,,FALSE
Legionary_Pincer_Quest,http://acpedia.org/wiki/Legionary_Pincer_Quest,,1,,,,,40,40,40,,FALSE
Lost_Distillery_Quest,http://acpedia.org/wiki/Lost_Distillery_Quest,,4,,,,,40,40,40,,FALSE
Marauder's_Lair_Quest,http://acpedia.org/wiki/Marauder's_Lair_Quest,,2,,,,,40,40,40,,FALSE
Mausoleum_of_Anger_Quest,http://acpedia.org/wiki/Mausoleum_of_Anger_Quest,,2,,,,,40,40,40,,FALSE
Musansayn's_Library,http://acpedia.org/wiki/Musansayn's_Library,,2,,,,,40,40,40,,FALSE
Preparation_for_the_Ritus,http://acpedia.org/wiki/Preparation_for_the_Ritus,,2,,,,,40,40,40,,FALSE
Quiddity_Weapons_Quest,http://acpedia.org/wiki/Quiddity_Weapons_Quest,,0,,,,,40,40,40,,FALSE
Renegade_Herbal_Kits,http://acpedia.org/wiki/Renegade_Herbal_Kits,,1,,,,,40,40,40,,FALSE
Renegade_Mace_Quest,http://acpedia.org/wiki/Renegade_Mace_Quest,,5,,,,,40,40,40,,FALSE
Sishalti_Slithis_Kill_Task,http://acpedia.org/wiki/Sishalti_Slithis_Kill_Task,No,2,,,,,40,40,,,FALSE
Southern_Shroud_Cabal,http://acpedia.org/wiki/Southern_Shroud_Cabal,,4,,,,,0,40,40,,FALSE
The_Old_Warehouse,http://acpedia.org/wiki/The_Old_Warehouse,,2,,,,,40,40,40,,FALSE
The_Temple_of_Ixir_Zi,http://acpedia.org/wiki/The_Temple_of_Ixir_Zi,,12,,,,,40,40,40,,FALSE
The_Temple_of_Liazk_Itzi,http://acpedia.org/wiki/The_Temple_of_Liazk_Itzi,,10,,,,,40,40,40,,FALSE
The_Writings_of_Jhong_Mi,http://acpedia.org/wiki/The_Writings_of_Jhong_Mi,,7,,,,,0,40,40,,FALSE
Thorsten_Cragstone's_Armor_&_Axe,http://acpedia.org/wiki/Thorsten_Cragstone's_Armor_&_Axe,,13,,,,,20,40,40,,FALSE
Tumerok_Banners_Quest,http://acpedia.org/wiki/Tumerok_Banners_Quest,,0,,,,,0,40,40,,FALSE
Tumerok_Gladiator_Kill_Task,http://acpedia.org/wiki/Tumerok_Gladiator_Kill_Task,No,4,,,,,40,40,,,FALSE
Tusker_Guard_Kill_Task,http://acpedia.org/wiki/Tusker_Guard_Kill_Task,No,2,,,,,40,40,,,FALSE
Tusker_Guard_Tusk_Quest,http://acpedia.org/wiki/Tusker_Guard_Tusk_Quest,,1,,,,,40,40,40,,FALSE
Water_for_Ji_Ra_Ping,http://acpedia.org/wiki/Water_for_Ji_Ra_Ping,,2,,,,,40,40,40,,FALSE
Falatacot_Medallion_(Mid),http://acpedia.org/wiki/Falatacot_Medallion_(Mid),,1,,,,,41,41,41,,FALSE
Blackmire_Lore,http://acpedia.org/wiki/Blackmire_Lore,,6,,,,,0,45,45,,FALSE
Fetish_of_the_Dark_Idols_Quest,http://acpedia.org/wiki/Fetish_of_the_Dark_Idols_Quest,,7,,,,,45,45,45,,FALSE
Silver_Tusker_Tusk_Quest,http://acpedia.org/wiki/Silver_Tusker_Tusk_Quest,,1,,,,,45,45,45,,FALSE
The_Callous_Heart_Quest_(High),http://acpedia.org/wiki/The_Callous_Heart_Quest_(High),,3,,,,,45,45,45,,FALSE
Armored_Tusker_Tusk_Quest,http://acpedia.org/wiki/Armored_Tusker_Tusk_Quest,,1,,,,,50,50,50,,FALSE
Attribute_and_Skill_Redistribution,http://acpedia.org/wiki/Attribute_and_Skill_Redistribution,,53,,,,,0,50,50,,FALSE
Bandit_Hilt_Quest,http://acpedia.org/wiki/Bandit_Hilt_Quest,,0,,,,,0,50,50,,FALSE
Banished_Creature_Kill_Task,http://acpedia.org/wiki/Banished_Creature_Kill_Task,No,4,,,,,50,50,,,FALSE
Buadren_Quest,http://acpedia.org/wiki/Buadren_Quest,,2,,,,,50,50,50,,FALSE
Copper_Golem_Kingpin_Kill_Task,http://acpedia.org/wiki/Copper_Golem_Kingpin_Kill_Task,No,5,,,,,50,50,,,FALSE
Coral_Golem_Kill_Task,http://acpedia.org/wiki/Coral_Golem_Kill_Task,No,1,,,,,50,50,,,FALSE
Coral_Golem_Viceroy_Kill_Task,http://acpedia.org/wiki/Coral_Golem_Viceroy_Kill_Task,No,5,,,,,50,50,,,FALSE
Crystal_Core_Quest,http://acpedia.org/wiki/Crystal_Core_Quest,,2,,,,,50,50,50,,FALSE
Crystalline_Bound_Wisp,http://acpedia.org/wiki/Crystalline_Bound_Wisp,,2,,,,,50,50,50,,FALSE
Crystalline_Killer,http://acpedia.org/wiki/Crystalline_Killer,No,3,,,,,50,50,,,FALSE
Decrepit_Tower_Quest,http://acpedia.org/wiki/Decrepit_Tower_Quest,,7,,,,,40,50,50,,FALSE
Defense_of_Zaikhal_(Copper),http://acpedia.org/wiki/Defense_of_Zaikhal_(Copper),,5,,,,,50,50,50,,FALSE
Drudge_Fight,http://acpedia.org/wiki/Drudge_Fight,,2,,,,,0,50,50,,FALSE
Drudge_Plan,http://acpedia.org/wiki/Drudge_Plan,,22,,,,,0,50,50,,FALSE
Drudge_Ravener_Kill_Task,http://acpedia.org/wiki/Drudge_Ravener_Kill_Task,No,4,,,,,50,50,,,FALSE
Drudge_Stalker_Kill_Task,http://acpedia.org/wiki/Drudge_Stalker_Kill_Task,No,4,,,,,50,50,,,FALSE
Eastham_Sewer_Quest,http://acpedia.org/wiki/Eastham_Sewer_Quest,,0,,,,,50,50,50,,FALSE
Elari_Wood_Bow,http://acpedia.org/wiki/Elari_Wood_Bow,,4,,,,,0,50,50,,FALSE
Empyrean_Acid_Propylaeum_Quest,http://acpedia.org/wiki/Empyrean_Acid_Propylaeum_Quest,,4,,,,,50,50,50,,FALSE
Empyrean_Lightning_Propylaeum_Quest,http://acpedia.org/wiki/Empyrean_Lightning_Propylaeum_Quest,,4,,,,,50,50,50,,FALSE
Enrico's_Betrayal,http://acpedia.org/wiki/Enrico's_Betrayal,,8,,,,,50,50,50,,FALSE
Eviscerator_Pincer_Quest,http://acpedia.org/wiki/Eviscerator_Pincer_Quest,,1,,,,,50,50,50,,FALSE
Focusing_Stone_Quest,http://acpedia.org/wiki/Focusing_Stone_Quest,,2,,,,,14,50,50,,FALSE
Fort_Tethana_Tug_of_War,http://acpedia.org/wiki/Fort_Tethana_Tug_of_War,,2,,,,,50,50,50,,FALSE
Frozen_Fury,http://acpedia.org/wiki/Frozen_Fury,,3,,,,,0,50,50,,FALSE
Glacial_Golem_Margrave_Kill_Task,http://acpedia.org/wiki/Glacial_Golem_Margrave_Kill_Task,No,5,,,,,50,50,,,FALSE
Hieromancer's_Armor,http://acpedia.org/wiki/Hieromancer's_Armor,,10,,,,,0,50,50,,FALSE
Hunting_Aun_Ralirea,http://acpedia.org/wiki/Hunting_Aun_Ralirea,,0,,,,,0,50,50,,FALSE
Isparian_Weapons_Quest,http://acpedia.org/wiki/Isparian_Weapons_Quest,,2,,,,,0,50,50,,FALSE
Knorr_Quiddity_Ingot_Purification,http://acpedia.org/wiki/Knorr_Quiddity_Ingot_Purification,,0,,,,,0,50,50,,FALSE
Lady_Aerfalle_Quest,http://acpedia.org/wiki/Lady_Aerfalle_Quest,,22,,,,,45,50,50,,FALSE
Mud_Golem_Sludge_Lord_Kill_Task,http://acpedia.org/wiki/Mud_Golem_Sludge_Lord_Kill_Task,No,5,,,,,50,50,,,FALSE
Olthoi_Weapons_Quest,http://acpedia.org/wiki/Olthoi_Weapons_Quest,,29,,,,,0,50,50,,FALSE
Overlord's_Sword_Quest,http://acpedia.org/wiki/Overlord's_Sword_Quest,,3,,,,,20,50,50,,FALSE
Palenqual's_Living_Weapons,http://acpedia.org/wiki/Palenqual's_Living_Weapons,,11,,,,,0,50,50,,FALSE
Pet_Penguin_Quest,http://acpedia.org/wiki/Pet_Penguin_Quest,,3,,,,,0,50,50,,FALSE
Portal_Space_Time_Travel,http://acpedia.org/wiki/Portal_Space_Time_Travel,,14,,,,,0,50,50,,FALSE
Premonitions_of_the_Fourth_Sending_of_Darkness,http://acpedia.org/wiki/Premonitions_of_the_Fourth_Sending_of_Darkness,,0,,,,,20,50,50,,FALSE
Rare_Game_Kill_Task,http://acpedia.org/wiki/Rare_Game_Kill_Task,No,5,,,,,50,50,,,FALSE
Reception_Games,http://acpedia.org/wiki/Reception_Games,,3,,,,,0,50,50,,FALSE
Red_Bull_of_Sanamar_Quest,http://acpedia.org/wiki/Red_Bull_of_Sanamar_Quest,,2,,,,,50,50,50,,FALSE
Researching_the_Lost_Rituals,http://acpedia.org/wiki/Researching_the_Lost_Rituals,,9,,,,,0,50,50,,FALSE
Silifi_of_Crimson_Stars_Quest,http://acpedia.org/wiki/Silifi_of_Crimson_Stars_Quest,,9,,,,,10,50,50,,FALSE
Skull_of_High_Acolyte_Quest,http://acpedia.org/wiki/Skull_of_High_Acolyte_Quest,,2,,,,,0,50,50,,FALSE
Sylsfear_Quest,http://acpedia.org/wiki/Sylsfear_Quest,,1,,,,,10,50,50,,FALSE
Tainted_Ley_Line_Nodes,http://acpedia.org/wiki/Tainted_Ley_Line_Nodes,,3,,,,,0,50,50,,FALSE
Tesserae,http://acpedia.org/wiki/Tesserae,,0,,,,,0,50,50,,FALSE
Tumerok_Vanguard_Outposts,http://acpedia.org/wiki/Tumerok_Vanguard_Outposts,,3,,,,,50,50,50,,FALSE
Ulgrim's_Hatch,http://acpedia.org/wiki/Ulgrim's_Hatch,,2,,,,,0,50,50,,FALSE
Water_of_Mount_Lethe,http://acpedia.org/wiki/Water_of_Mount_Lethe,,1,,,,,20,50,50,,FALSE
New_Singular_Repositories,http://acpedia.org/wiki/New_Singular_Repositories,,4,,,,,55,55,55,,FALSE
Altered_Drudge_Kill_Task,http://acpedia.org/wiki/Altered_Drudge_Kill_Task,No,4,,,,,60,60,,,FALSE
Arctic_Mattekar_Kill_Task,http://acpedia.org/wiki/Arctic_Mattekar_Kill_Task,No,2,,,,,60,60,,,FALSE
"Arm,_Mind,_Heart_Quest","http://acpedia.org/wiki/Arm,_Mind,_Heart_Quest",,6,,,,,0,60,60,,FALSE
Asheron's_Raiment_Quest_(Mid),http://acpedia.org/wiki/Asheron's_Raiment_Quest_(Mid),,1,,,,,60,60,60,,FALSE
Assault_Quest_(Mid),http://acpedia.org/wiki/Assault_Quest_(Mid),,2,,,,,60,60,60,,FALSE
Augmented_Drudge_Kill_Task,http://acpedia.org/wiki/Augmented_Drudge_Kill_Task,No,4,,,,,60,60,,,FALSE
Banderling_Haunt,http://acpedia.org/wiki/Banderling_Haunt,,6,,,,,60,60,60,,FALSE
Black_Death_Catacombs_Quiddity_Ingot_Purification,http://acpedia.org/wiki/Black_Death_Catacombs_Quiddity_Ingot_Purification,,0,,,,,0,60,60,,FALSE
Burun_Burrow_Quest,http://acpedia.org/wiki/Burun_Burrow_Quest,,2,,,,,60,60,60,,FALSE
Clutch_of_Kings,http://acpedia.org/wiki/Clutch_of_Kings,,1,,,,,60,60,60,,FALSE
Clutch_of_Kings_(Broodu),http://acpedia.org/wiki/Clutch_of_Kings_(Broodu),,4,,,,,60,60,60,,FALSE
Clutch_of_Kings_(Browerk),http://acpedia.org/wiki/Clutch_of_Kings_(Browerk),,7,,,,,60,60,60,,FALSE
Clutch_of_Kings_(Keerik),http://acpedia.org/wiki/Clutch_of_Kings_(Keerik),,8,,,,,60,60,60,,FALSE
Clutch_of_Kings_(Kiree),http://acpedia.org/wiki/Clutch_of_Kings_(Kiree),,13,,,,,60,60,60,,FALSE
Clutch_of_Kings_(Reeshan),http://acpedia.org/wiki/Clutch_of_Kings_(Reeshan),,10,,,,,60,60,60,,FALSE
Clutch_of_Kings_(Rehir),http://acpedia.org/wiki/Clutch_of_Kings_(Rehir),,12,,,,,60,60,60,,FALSE
Elemental_Caverns_Quest,http://acpedia.org/wiki/Elemental_Caverns_Quest,,1,,,,,60,60,60,,FALSE
Faces_of_the_Mukkir_(Mid),http://acpedia.org/wiki/Faces_of_the_Mukkir_(Mid),,1,,,,,60,60,60,,FALSE
Fine_Olthoi_Armor,http://acpedia.org/wiki/Fine_Olthoi_Armor,,0,,,,,60,60,60,"Each Armor set does not give new qb, the flags are the same.",FALSE
First_Contact,http://acpedia.org/wiki/First_Contact,,9,,,,,60,60,60,,FALSE
Floeshark_Kill_Task,http://acpedia.org/wiki/Floeshark_Kill_Task,No,2,,,,,60,60,,,FALSE
Frore,http://acpedia.org/wiki/Frore,,3,,,,,20,60,60,,FALSE
Gaerlan's_Citadel_(High),http://acpedia.org/wiki/Gaerlan's_Citadel_(High),,0,,,,,60,60,60,,FALSE
Glenden_Wood_Invaders,http://acpedia.org/wiki/Glenden_Wood_Invaders,,9,,,,,0,60,60,,FALSE
Guruk_Marauder_Kill_Task,http://acpedia.org/wiki/Guruk_Marauder_Kill_Task,No,2,,,,,60,60,,,FALSE
Halls_of_Knorr,http://acpedia.org/wiki/Halls_of_Knorr,,8,,,,,60,60,60,,FALSE
Heart_of_Innocence_Quest,http://acpedia.org/wiki/Heart_of_Innocence_Quest,,7,,,,,60,60,60,,FALSE
Loyalty_Reset_Quest,http://acpedia.org/wiki/Loyalty_Reset_Quest,,7,,,,,60,60,60,,FALSE
Mausoleum_of_Cruelty_Quest,http://acpedia.org/wiki/Mausoleum_of_Cruelty_Quest,,2,,,,,60,60,60,,FALSE
Mosswart_Townsfolk_Kill_Task,http://acpedia.org/wiki/Mosswart_Townsfolk_Kill_Task,No,4,,,,,60,60,,,FALSE
Noble_Weapons_Quest,http://acpedia.org/wiki/Noble_Weapons_Quest,,5,,,,,60,60,60,,FALSE
Northern_Shroud_Cabal,http://acpedia.org/wiki/Northern_Shroud_Cabal,,4,,,,,0,60,60,,FALSE
Oswald's_Dirk_Quest,http://acpedia.org/wiki/Oswald's_Dirk_Quest,,20,,,,,60,60,60,,FALSE
Pages_of_Salt_and_Ash,http://acpedia.org/wiki/Pages_of_Salt_and_Ash,,2,,,,,60,60,60,,FALSE
Paradox-touched_Olthoi_Egg_Quest,http://acpedia.org/wiki/Paradox-touched_Olthoi_Egg_Quest,,3,,,,,60,60,60,,FALSE
Rampager_Tusk_Quest,http://acpedia.org/wiki/Rampager_Tusk_Quest,,1,,,,,60,60,60,,FALSE
Rumuba's_Jade_Spear_Quest,http://acpedia.org/wiki/Rumuba's_Jade_Spear_Quest,,1,,,,,0,60,60,,FALSE
Search_for_Gareth_Dain,http://acpedia.org/wiki/Search_for_Gareth_Dain,,8,,,,,60,60,60,,FALSE
Shendolain_Vestibule_Quest,http://acpedia.org/wiki/Shendolain_Vestibule_Quest,,1,,,,,60,60,60,,FALSE
Shivering_Stone_Quest,http://acpedia.org/wiki/Shivering_Stone_Quest,,2,,,,,0,60,60,,FALSE
Smoldering_Stone_Quest,http://acpedia.org/wiki/Smoldering_Stone_Quest,,2,,,,,0,60,60,,FALSE
Soul_Hunter_Quest,http://acpedia.org/wiki/Soul_Hunter_Quest,,4,,,,,60,60,60,,FALSE
Sparking_Stone_Quest,http://acpedia.org/wiki/Sparking_Stone_Quest,,2,,,,,0,60,60,,FALSE
Stinging_Stone_Quest,http://acpedia.org/wiki/Stinging_Stone_Quest,,2,,,,,0,60,60,,FALSE
Stone_Tool_Quest,http://acpedia.org/wiki/Stone_Tool_Quest,,1,,,,,0,60,60,,FALSE
Suzuhara_Baijin's_Delivery,http://acpedia.org/wiki/Suzuhara_Baijin's_Delivery,,2,,,,,60,60,60,,FALSE
Tanada_Hunting_Parties,http://acpedia.org/wiki/Tanada_Hunting_Parties,,2,,,,,0,60,60,,FALSE
Tenebrous_Rift_Kill_Task,http://acpedia.org/wiki/Tenebrous_Rift_Kill_Task,No,2,,,,,60,60,,,FALSE
The_Temple_of_Hizk_Ri,http://acpedia.org/wiki/The_Temple_of_Hizk_Ri,,13,,,,,60,60,60,,FALSE
The_Temple_of_Izji_Qo,http://acpedia.org/wiki/The_Temple_of_Izji_Qo,,2,,,,,60,60,60,,FALSE
The_Temple_of_Kivik_Lir,http://acpedia.org/wiki/The_Temple_of_Kivik_Lir,,15,,,,,60,60,60,,FALSE
Umbral_Rift_Kill_Task,http://acpedia.org/wiki/Umbral_Rift_Kill_Task,No,2,,,,,60,60,,,FALSE
Weakened_Harbinger_Quest,http://acpedia.org/wiki/Weakened_Harbinger_Quest,,1,,,,,60,60,60,,FALSE
Defense_of_Zaikhal_(Silver),http://acpedia.org/wiki/Defense_of_Zaikhal_(Silver),,5,,,,,65,65,65,,FALSE
Crafting_Forges_(Mid),http://acpedia.org/wiki/Crafting_Forges_(Mid),,2,,,,,70,70,70,,FALSE
Crystalline_Markers,http://acpedia.org/wiki/Crystalline_Markers,,10,,,,,70,70,70,,FALSE
Fiun_Healing_Machine_Quest,http://acpedia.org/wiki/Fiun_Healing_Machine_Quest,,7,,,,,70,70,70,,FALSE
Hea_Totem_Quest,http://acpedia.org/wiki/Hea_Totem_Quest,,1,,,,,35,70,70,,FALSE
Hollow_Weapons_Quest,http://acpedia.org/wiki/Hollow_Weapons_Quest,,0,,,,,0,70,70,,FALSE
Invoker_Quest,http://acpedia.org/wiki/Invoker_Quest,,6,,,,,70,70,70,,FALSE
Moarsmen_on_the_Shores_(Danby's_Outpost),http://acpedia.org/wiki/Moarsmen_on_the_Shores_(Danby's_Outpost),,2,,,,,0,70,70,,FALSE
Noir_Assassination_Investigation,http://acpedia.org/wiki/Noir_Assassination_Investigation,,11,,,,,0,70,70,,FALSE
Olthoi_Queen_Quest,http://acpedia.org/wiki/Olthoi_Queen_Quest,,13,,,,,70,70,70,,FALSE
Phantom_Weapons_Quest,http://acpedia.org/wiki/Phantom_Weapons_Quest,,0,,,,,0,70,70,,FALSE
Plated_Tusker_Tusk_Quest,http://acpedia.org/wiki/Plated_Tusker_Tusk_Quest,,1,,,,,70,70,70,,FALSE
Sanguinary_Aegis_Quest,http://acpedia.org/wiki/Sanguinary_Aegis_Quest,,1,,,,,0,70,70,,FALSE
Silifi_of_Crimson_Night_Quest,http://acpedia.org/wiki/Silifi_of_Crimson_Night_Quest,,4,,,,,70,70,70,,FALSE
Tentacles_of_T'thuun,http://acpedia.org/wiki/Tentacles_of_T'thuun,,3,,,,,70,70,70,,FALSE
The_Healer's_Heart_Quest,http://acpedia.org/wiki/The_Healer's_Heart_Quest,,0,,,,,0,70,70,,FALSE
Virindi_Scalpel_Quest,http://acpedia.org/wiki/Virindi_Scalpel_Quest,,2,,,,,60,70,70,,FALSE
Voracious_Eater_Jaw_Quest,http://acpedia.org/wiki/Voracious_Eater_Jaw_Quest,,1,,,,,70,70,70,,FALSE
Warrior_Pincer_Quest,http://acpedia.org/wiki/Warrior_Pincer_Quest,,1,,,,,70,70,70,,FALSE
Aerbax's_Prodigal_Drudge,http://acpedia.org/wiki/Aerbax's_Prodigal_Drudge,Yes,7,No,Yes,Yes,No,0,75,75,"If you PKL the door, you will miss out on qb.",FALSE
Aetheria_Quest,http://acpedia.org/wiki/Aetheria_Quest,,15,,,,,75,75,75,,FALSE
Plate_Armoredillo_Kill_Task,http://acpedia.org/wiki/Plate_Armoredillo_Kill_Task,No,2,,,,,75,75,,,FALSE
Voracious_Eater_Kill_Task,http://acpedia.org/wiki/Voracious_Eater_Kill_Task,No,2,,,,,75,75,,,FALSE
Aerbax's_Prodigal_Tumerok,http://acpedia.org/wiki/Aerbax's_Prodigal_Tumerok,,5,,,,,80,80,80,,FALSE
Asheron's_Trail,http://acpedia.org/wiki/Asheron's_Trail,,12,,,,,80,80,80,,FALSE
Assailer_Tusk_Quest,http://acpedia.org/wiki/Assailer_Tusk_Quest,,1,,,,,80,80,80,,FALSE
Assassin's_Roost_Quest,http://acpedia.org/wiki/Assassin's_Roost_Quest,,0,,,,,80,80,80,,FALSE
Assault_Quest_(High),http://acpedia.org/wiki/Assault_Quest_(High),,2,,,,,80,80,80,,FALSE
Balor's_Rescue,http://acpedia.org/wiki/Balor's_Rescue,,6,,,,,80,80,80,,FALSE
Bandits_of_the_Creepy_Chambers,http://acpedia.org/wiki/Bandits_of_the_Creepy_Chambers,,1,,,,,0,80,80,,FALSE
Bur_Portal_Summoning_(Mid),http://acpedia.org/wiki/Bur_Portal_Summoning_(Mid),,1,,,,,80,80,80,,FALSE
Carved_Gemstone_Lockpicks_Quest,http://acpedia.org/wiki/Carved_Gemstone_Lockpicks_Quest,,1,,,,,0,80,80,,FALSE
Caul_Flagging,http://acpedia.org/wiki/Caul_Flagging,,2,,,,,50,80,80,,FALSE
Chorizite_Veined_Shield_Quest,http://acpedia.org/wiki/Chorizite_Veined_Shield_Quest,,1,,,,,0,80,80,,FALSE
Coarse_Hide_Shirt_and_Distilled_Mana_Potions,http://acpedia.org/wiki/Coarse_Hide_Shirt_and_Distilled_Mana_Potions,,2,,,,,0,80,80,,FALSE
Composite_Weapons_Upgrade,http://acpedia.org/wiki/Composite_Weapons_Upgrade,,3,,,,,40,80,80,,FALSE
Crystalline_Adventurer,http://acpedia.org/wiki/Crystalline_Adventurer,,19,,,,,70,80,80,,FALSE
Dark_Towers,http://acpedia.org/wiki/Dark_Towers,,3,,,,,0,80,80,,FALSE
Defense_of_Zaikhal_(Gold),http://acpedia.org/wiki/Defense_of_Zaikhal_(Gold),,5,,,,,80,80,80,,FALSE
Drudge_Aviator,http://acpedia.org/wiki/Drudge_Aviator,,3,,,,,80,80,80,,FALSE
Faces_of_the_Mukkir_(High),http://acpedia.org/wiki/Faces_of_the_Mukkir_(High),,1,,,,,80,80,80,,FALSE
Gaerlan's_Citadel_(Extreme),http://acpedia.org/wiki/Gaerlan's_Citadel_(Extreme),,0,,,,,80,80,80,,FALSE
Gear_Knight_Construction,http://acpedia.org/wiki/Gear_Knight_Construction,,4,,,,,0,80,80,,FALSE
Glenden_Wood_Invasion_(Low),http://acpedia.org/wiki/Glenden_Wood_Invasion_(Low),,3,,,,,80,80,80,,FALSE
Greater_Olthoi_Armor,http://acpedia.org/wiki/Greater_Olthoi_Armor,,0,,,,,80,80,80,"Each Armor set does not give new qb, the flags are the same.",FALSE
Guruk_Basher_Kill_Task,http://acpedia.org/wiki/Guruk_Basher_Kill_Task,No,2,,,,,80,80,,,FALSE
Halaetan_Beach_Camps,https://asheron.fandom.com/wiki/Halaetan_Beach_Camps,,3,,,,,0,80,80,,FALSE
Head_of_Baron_Entemarre,http://acpedia.org/wiki/Head_of_Baron_Entemarre,,3,,,,,80,80,80,,FALSE
Ishaq's_Lost_Key_Quest,http://acpedia.org/wiki/Ishaq's_Lost_Key_Quest,,3,,,,,80,80,80,,FALSE
Mausoleum_of_Slaughter_Quest,http://acpedia.org/wiki/Mausoleum_of_Slaughter_Quest,,2,,,,,80,80,80,,FALSE
Monouga_Feeding_Pit_Quest,http://acpedia.org/wiki/Monouga_Feeding_Pit_Quest,,4,,,,,80,80,80,,FALSE
Monouga_Laboratory,http://acpedia.org/wiki/Monouga_Laboratory,,12,,,,,80,80,80,,FALSE
Mutilator_Pincer_Quest,http://acpedia.org/wiki/Mutilator_Pincer_Quest,,1,,,,,80,80,80,,FALSE
Niffis_Fighting_Pits,http://acpedia.org/wiki/Niffis_Fighting_Pits,,2,,,,,80,80,80,,FALSE
Ornate_Tumerok_Breastplate_and_Horned_Lugian_Helm,http://acpedia.org/wiki/Ornate_Tumerok_Breastplate_and_Horned_Lugian_Helm,,2,,,,,0,80,80,,FALSE
Oubliette_Quest,http://acpedia.org/wiki/Oubliette_Quest,,1,,,,,0,80,80,,FALSE
Polar_Ursuin_Kill_Task,http://acpedia.org/wiki/Polar_Ursuin_Kill_Task,No,2,,,,,80,80,,,FALSE
Putrid_Moar_Kill_Task,http://acpedia.org/wiki/Putrid_Moar_Kill_Task,No,6,,,,,80,80,,,FALSE
Renegade_Bone_Charm_Quest,http://acpedia.org/wiki/Renegade_Bone_Charm_Quest,,1,,,,,0,80,80,,FALSE
Ricardo's_Blood_Gem,http://acpedia.org/wiki/Ricardo's_Blood_Gem,,4,,,,,80,80,80,,FALSE
Shade_Iron,http://acpedia.org/wiki/Shade_Iron,,4,,,,,80,80,80,,FALSE
Simulacra_Infiltrators,http://acpedia.org/wiki/Simulacra_Infiltrators,,7,,,,,80,80,80,,FALSE
Soul_Stone_Quest,http://acpedia.org/wiki/Soul_Stone_Quest,,21,,,,,0,80,80,,FALSE
Tanada_House_of_Earth_Quest,http://acpedia.org/wiki/Tanada_House_of_Earth_Quest,,7,,,,,80,80,80,,FALSE
Tanada_House_of_Storms_Quest,http://acpedia.org/wiki/Tanada_House_of_Storms_Quest,,6,,,,,80,80,80,,FALSE
Tanada_House_of_Water_Quest,http://acpedia.org/wiki/Tanada_House_of_Water_Quest,,5,,,,,80,80,80,,FALSE
The_Caliginous_Bethel,http://acpedia.org/wiki/The_Caliginous_Bethel,,5,,,,,35,80,80,,FALSE
The_Homunculus,http://acpedia.org/wiki/The_Homunculus,,3,,,,,0,80,80,,FALSE
The_Moars,http://acpedia.org/wiki/The_Moars,,12,,,,,80,80,80,,FALSE
The_Shadows_of_Bitter_Winter,http://acpedia.org/wiki/The_Shadows_of_Bitter_Winter,,6,,,,,80,80,80,,FALSE
Ulgrim's_Drinking_Contest,http://acpedia.org/wiki/Ulgrim's_Drinking_Contest,,5,,,,,80,80,80,,FALSE
Viamontian_Man-at-Arms_Kill_Task,http://acpedia.org/wiki/Viamontian_Man-at-Arms_Kill_Task,No,2,,,,,80,80,,,FALSE
Whispering_Blade_Infiltration,http://acpedia.org/wiki/Whispering_Blade_Infiltration,,3,,,,,80,80,80,,FALSE
Falatacot_Medallion_(High),http://acpedia.org/wiki/Falatacot_Medallion_(High),,1,,,,,81,81,81,,FALSE
The_Painbringer_Quest,http://acpedia.org/wiki/The_Painbringer_Quest,,3,,,,,85,85,85,,FALSE
Abhorrent_Eater_Jaw_Quest,http://acpedia.org/wiki/Abhorrent_Eater_Jaw_Quest,No,1,No,No,Yes,No,90,90,90,,FALSE
Arcane_Pedestal_Quest,http://acpedia.org/wiki/Arcane_Pedestal_Quest,,9,,,,,30,90,90,,FALSE
Asheron's_Raiment_Quest_(High),http://acpedia.org/wiki/Asheron's_Raiment_Quest_(High),,1,,,,,90,90,90,,FALSE
Cave_Penguin_Eggs,http://acpedia.org/wiki/Cave_Penguin_Eggs,,2,,,,,90,90,90,,FALSE
Chasing_Oswald,http://acpedia.org/wiki/Chasing_Oswald,,4,,,,,90,90,90,,FALSE
Elemental_Kill_Task,http://acpedia.org/wiki/Elemental_Kill_Task,No,4,,,,,90,90,,,FALSE
Fiun_Spellcasting_Gloves_Quest,http://acpedia.org/wiki/Fiun_Spellcasting_Gloves_Quest,,3,,,,,90,90,90,,FALSE
Messenger's_Collar_Quest,http://acpedia.org/wiki/Messenger's_Collar_Quest,,3,,,,,90,90,90,,FALSE
Moarsmen_on_the_Shores_(Beach_Fort),http://acpedia.org/wiki/Moarsmen_on_the_Shores_(Beach_Fort),,2,,,,,0,90,90,,FALSE
Singularity_Recall,http://acpedia.org/wiki/Singularity_Recall,,3,,,,,90,90,90,,FALSE
Yaja's_Reach_Quest,http://acpedia.org/wiki/Yaja's_Reach_Quest,,3,,,,,90,90,90,,FALSE
Aerbax's_Prodigal_Mosswart,http://acpedia.org/wiki/Aerbax's_Prodigal_Mosswart,,6,,,,,80,100,100,,FALSE
Assault_on_Frost_Haven,http://acpedia.org/wiki/Assault_on_Frost_Haven,,3,,,,,0,100,100,,FALSE
Assault_Quest_(Expert),http://acpedia.org/wiki/Assault_Quest_(Expert),,2,,,,,100,100,100,,FALSE
Counterfeit_Writ,http://acpedia.org/wiki/Counterfeit_Writ,,4,,,,,0,100,100,,FALSE
Crafting_Forges_(High),http://acpedia.org/wiki/Crafting_Forges_(High),,3,,,,,100,100,100,,FALSE
Crystal_Minds_and_Shattered_Souls,http://acpedia.org/wiki/Crystal_Minds_and_Shattered_Souls,,9,,,,,100,100,100,,FALSE
Dark_Monolith_Quest,http://acpedia.org/wiki/Dark_Monolith_Quest,,4,,,,,0,100,100,,FALSE
Defense_of_Zaikhal_(Platinum),http://acpedia.org/wiki/Defense_of_Zaikhal_(Platinum),,8,,,,,100,100,100,,FALSE
Devastator_Tusk_Quest,http://acpedia.org/wiki/Devastator_Tusk_Quest,,1,,,,,100,100,100,,FALSE
Dire_Champions,http://acpedia.org/wiki/Dire_Champions,,24,,,,,0,100,100,,FALSE
Empowered_Harbinger_Quest,http://acpedia.org/wiki/Empowered_Harbinger_Quest,,2,,,,,60,100,100,,FALSE
Essence_Recovery,http://acpedia.org/wiki/Essence_Recovery,,6,,,,,100,100,100,,FALSE
Essenceless_Harbinger_Quest,http://acpedia.org/wiki/Essenceless_Harbinger_Quest,,2,,,,,60,100,100,,FALSE
Faces_of_the_Mukkir_(Expert),http://acpedia.org/wiki/Faces_of_the_Mukkir_(Expert),,4,,,,,100,100,100,,FALSE
Fallen_Creature_Kill_Task,http://acpedia.org/wiki/Fallen_Creature_Kill_Task,No,4,,,,,100,100,,,FALSE
Fuzzy_Bunny_Slayer_Quest,http://acpedia.org/wiki/Fuzzy_Bunny_Slayer_Quest,,1,,,,,0,100,100,,FALSE
Gelidite_Library_Quest,http://acpedia.org/wiki/Gelidite_Library_Quest,,2,,,,,0,100,100,,FALSE
Glenden_Wood_Invasion_(Mid),http://acpedia.org/wiki/Glenden_Wood_Invasion_(Mid),,3,,,,,100,100,100,,FALSE
Guruk_Colossus_Kill_Task,http://acpedia.org/wiki/Guruk_Colossus_Kill_Task,No,2,,,,,100,100,,,FALSE
Guruk_Smasher_Kill_Task,http://acpedia.org/wiki/Guruk_Smasher_Kill_Task,No,2,,,,,100,100,,,FALSE
Hamud's_Demise,http://acpedia.org/wiki/Hamud's_Demise,,3,,,,,100,100,100,,FALSE
Harbinger,http://acpedia.org/wiki/Harbinger,,43,,,,,60,100,100,,FALSE
His_Master's_Voice,http://acpedia.org/wiki/His_Master's_Voice,,4,,,,,80,100,100,,FALSE
Iron_Spined_Chittick_Kill_Task,http://acpedia.org/wiki/Iron_Spined_Chittick_Kill_Task,No,2,,,,,100,100,,,FALSE
Jester's_Cards,http://acpedia.org/wiki/Jester's_Cards,,1,,,,,0,100,100,,FALSE
K'nath_An'dras_Kill_Task,http://acpedia.org/wiki/K'nath_An'dras_Kill_Task,No,2,,,,,100,100,,,FALSE
Lost_Pet,http://acpedia.org/wiki/Lost_Pet,,3,,,,,100,100,100,,FALSE
Lunnum's_Disappearance,http://acpedia.org/wiki/Lunnum's_Disappearance,,8,,,,,100,100,100,,FALSE
Lunnum's_Pyre,http://acpedia.org/wiki/Lunnum's_Pyre,,2,,,,,0,100,100,,FALSE
Magma_Golem_Exarch_Kill_Task,http://acpedia.org/wiki/Magma_Golem_Exarch_Kill_Task,No,6,,,,,100,100,,,FALSE
Monthly_Explorer_Society_Quests,http://acpedia.org/wiki/Monthly_Explorer_Society_Quests,,3,,,,,0,100,100,,FALSE
Necklace_of_the_Elemental_Adepts_Quest,http://acpedia.org/wiki/Necklace_of_the_Elemental_Adepts_Quest,,7,,,,,100,100,100,,FALSE
Of_Trust_and_Betrayal,http://acpedia.org/wiki/Of_Trust_and_Betrayal,,5,,,,,0,100,100,,FALSE
Olthoi_Shield_Quest,http://acpedia.org/wiki/Olthoi_Shield_Quest,,2,,,,,80,100,100,,FALSE
Paradox-touched_Grub_Kill_Task,http://acpedia.org/wiki/Paradox-touched_Grub_Kill_Task,No,2,,,,,100,100,,,FALSE
Paradox-touched_Nymph_Kill_Task,http://acpedia.org/wiki/Paradox-touched_Nymph_Kill_Task,No,2,,,,,100,100,,,FALSE
Platinum_Golem_Mountain_King_Kill_Task,http://acpedia.org/wiki/Platinum_Golem_Mountain_King_Kill_Task,No,5,,,,,100,100,,,FALSE
Raising_Grael's_Island,http://acpedia.org/wiki/Raising_Grael's_Island,,6,,,,,100,100,100,,FALSE
Repugnant_Eater_Kill_Task,http://acpedia.org/wiki/Repugnant_Eater_Kill_Task,No,2,,,,,100,100,,,FALSE
Rossu_Morta_Chapterhouse_Access,http://acpedia.org/wiki/Rossu_Morta_Chapterhouse_Access,,8,,,,,100,100,100,,FALSE
Ruschk_Kill_Task,http://acpedia.org/wiki/Ruschk_Kill_Task,No,4,,,,,100,100,,,FALSE
Sawato_Extortion,http://acpedia.org/wiki/Sawato_Extortion,,3,,,,,100,100,100,,FALSE
Sezzherei's_Lair_Quest,http://acpedia.org/wiki/Sezzherei's_Lair_Quest,,2,,,,,100,100,100,,FALSE
Shadow_Statues,http://acpedia.org/wiki/Shadow_Statues,,2,,,,,0,100,100,,FALSE
Shadow-touched_Virindi_Paradox_Kill_Task,http://acpedia.org/wiki/Shadow-touched_Virindi_Paradox_Kill_Task,No,2,,,,,100,100,,,FALSE
Shadow-touched_Virindi_Quidiox_Kill_Task,http://acpedia.org/wiki/Shadow-touched_Virindi_Quidiox_Kill_Task,No,2,,,,,100,100,,,FALSE
Shield_of_Yanshi_Quest,http://acpedia.org/wiki/Shield_of_Yanshi_Quest,,4,,,,,100,100,100,,FALSE
Son_of_Pooky_Quest,http://acpedia.org/wiki/Son_of_Pooky_Quest,,1,,,,,100,100,100,,FALSE
Splitting_Grael_(Mid),http://acpedia.org/wiki/Splitting_Grael_(Mid),,7,,,,,100,100,100,,FALSE
Sword_of_Bellenesse,http://acpedia.org/wiki/Sword_of_Bellenesse,,1,,,,,100,100,100,,FALSE
Tanada_Battle_Burrows_Quest,http://acpedia.org/wiki/Tanada_Battle_Burrows_Quest,,1,,,,,0,100,100,,FALSE
Tanada_House_of_Fire_Quest,http://acpedia.org/wiki/Tanada_House_of_Fire_Quest,,6,,,,,100,100,100,,FALSE
Tanada_Temple_of_Black_Water_Quest,http://acpedia.org/wiki/Tanada_Temple_of_Black_Water_Quest,,6,,,,,80,100,100,,FALSE
The_Forbidden_Catacombs,http://acpedia.org/wiki/The_Forbidden_Catacombs,,1,,,,,50,100,100,,FALSE
The_Legend_of_the_Tusker_Paw,http://acpedia.org/wiki/The_Legend_of_the_Tusker_Paw,,6,,,,,80,100,100,,FALSE
Three_Eyed_Snowman_Kill_Task,http://acpedia.org/wiki/Three_Eyed_Snowman_Kill_Task,,4,,,,,0,100,100,,FALSE
Torgash's_Tasks,http://acpedia.org/wiki/Torgash's_Tasks,No,4,,,,,100,100,,,FALSE
Town_Founder,http://acpedia.org/wiki/Town_Founder,,5,,,,,0,100,100,,FALSE
Tukora_Lieutenant_Kill_Task,http://acpedia.org/wiki/Tukora_Lieutenant_Kill_Task,No,2,,,,,100,100,,,FALSE
Virindi_Paradox_Kill_Task,http://acpedia.org/wiki/Virindi_Paradox_Kill_Task,No,2,,,,,100,100,,,FALSE
Virindi_Quidiox_Kill_Task,http://acpedia.org/wiki/Virindi_Quidiox_Kill_Task,No,2,,,,,100,100,,,FALSE
Whispering_Blade_Chapterhouse_Access,http://acpedia.org/wiki/Whispering_Blade_Chapterhouse_Access,,9,,,,,100,100,100,,FALSE
Shadow_Aspect_of_Grael_Quest,http://acpedia.org/wiki/Shadow_Aspect_of_Grael_Quest,,6,,,,,101,101,101,,FALSE
Ravenous_Eater_Jaw_Quest,http://acpedia.org/wiki/Ravenous_Eater_Jaw_Quest,,1,,,,,110,110,110,,FALSE
Spear_of_the_Given_Heart_Quest,http://acpedia.org/wiki/Spear_of_the_Given_Heart_Quest,,8,,,,,115,115,115,,FALSE
Asheron's_Raiment_Quest_(Extreme),http://acpedia.org/wiki/Asheron's_Raiment_Quest_(Extreme),,1,,,,,120,120,120,,FALSE
Bur_Portal_Summoning_(High),http://acpedia.org/wiki/Bur_Portal_Summoning_(High),,1,,,,,120,120,120,,FALSE
Chunky_Ore_Collection,http://acpedia.org/wiki/Chunky_Ore_Collection,,2,,,,,0,120,120,,FALSE
Enhancing_Mucor,http://acpedia.org/wiki/Enhancing_Mucor,,3,,,,,80,120,120,,FALSE
Investigating_the_Societies,http://acpedia.org/wiki/Investigating_the_Societies,,10,,,,,0,120,120,,FALSE
Lost_Messenger,http://acpedia.org/wiki/Lost_Messenger,,6,,,,,120,120,120,,FALSE
Lunnum's_Return,http://acpedia.org/wiki/Lunnum's_Return,,5,,,,,120,120,120,,FALSE
Pheraion's_Sanctum_Quest,http://acpedia.org/wiki/Pheraion's_Sanctum_Quest,,4,,,,,120,120,120,,FALSE
Portal_Space_Rifts,http://acpedia.org/wiki/Portal_Space_Rifts,,8,,,,,120,120,120,,FALSE
Queen_Elysa_in_Danger,http://acpedia.org/wiki/Queen_Elysa_in_Danger,,6,,,,,0,120,120,,FALSE
Renegade_Living_Weapons,http://acpedia.org/wiki/Renegade_Living_Weapons,,1,,,,,120,120,120,,FALSE
Renegade_Weapons,http://acpedia.org/wiki/Renegade_Weapons,,4,,,,,0,120,120,,FALSE
Tunnel_of_Love_Quest,http://acpedia.org/wiki/Tunnel_of_Love_Quest,,3,,,,,120,120,120,,FALSE
Well-Balanced_Lugian_Greataxe_Quest,http://acpedia.org/wiki/Well-Balanced_Lugian_Greataxe_Quest,,1,,,,,0,120,120,,FALSE
Falatacot_Medallion_(Extreme),http://acpedia.org/wiki/Falatacot_Medallion_(Extreme),,4,,,,,121,121,121,,FALSE
Killing_Bosh_Bosh,http://acpedia.org/wiki/Killing_Bosh_Bosh,,3,,,,,121,121,121,,FALSE
Aug_Gem:_Sir_Bellas,http://acpedia.org/wiki/Aug_Gem:_Sir_Bellas,,3,,,,,125,125,125,,FALSE
Bobo's_Medicine,http://acpedia.org/wiki/Bobo's_Medicine,,2,,,,,80,125,125,,FALSE
Guardians_of_Mhoire_Castle,http://acpedia.org/wiki/Guardians_of_Mhoire_Castle,,10,,,,,125,125,125,,FALSE
Insatiable_Eater_Jaw_Quest,http://acpedia.org/wiki/Insatiable_Eater_Jaw_Quest,,2,,,,,125,125,125,,FALSE
Kidnapped_Handmaiden,http://acpedia.org/wiki/Kidnapped_Handmaiden,,3,,,,,125,125,125,,FALSE
Red_Veined_Grub_Collection_Task,http://acpedia.org/wiki/Red_Veined_Grub_Collection_Task,,1,,,,,125,125,125,,FALSE
Repaired_Shadow_Stone_Quest,http://acpedia.org/wiki/Repaired_Shadow_Stone_Quest,,1,,,,,125,125,125,,FALSE
Ries_Woron's_Story,http://acpedia.org/wiki/Ries_Woron's_Story,,0,,,,,0,125,125,,FALSE
Shadowfire_Stone_Quest,http://acpedia.org/wiki/Shadowfire_Stone_Quest,,5,,,,,125,125,125,,FALSE
Benek_Niffis_Kill_Task,http://acpedia.org/wiki/Benek_Niffis_Kill_Task,No,2,,,,,130,130,,,FALSE
Black_Death_Catacombs_Quiddity_Seed_Quest,http://acpedia.org/wiki/Black_Death_Catacombs_Quiddity_Seed_Quest,,7,,,,,130,130,130,,FALSE
Collegium_Occultus_Ring_Quest,http://acpedia.org/wiki/Collegium_Occultus_Ring_Quest,,8,,,,,130,130,130,,FALSE
Gateway_to_the_Deep,http://acpedia.org/wiki/Gateway_to_the_Deep,,20,,,,,130,130,130,,FALSE
Gear_Knight_Parts,http://acpedia.org/wiki/Gear_Knight_Parts,,1,,,,,130,130,130,,FALSE
Glenden_Wood_Invasion_(High),http://acpedia.org/wiki/Glenden_Wood_Invasion_(High),,3,,,,,130,130,130,,FALSE
Grievver_Violator_Kill_Task,http://acpedia.org/wiki/Grievver_Violator_Kill_Task,No,2,,,,,130,130,,,FALSE
Ithaenc_Quiddity_Seed_Quest,http://acpedia.org/wiki/Ithaenc_Quiddity_Seed_Quest,,4,,,,,130,130,130,,FALSE
Knorr_Quiddity_Seed_Quest,http://acpedia.org/wiki/Knorr_Quiddity_Seed_Quest,,2,,,,,130,130,130,,FALSE
Mucky_Moarsman_Kill_Task,http://acpedia.org/wiki/Mucky_Moarsman_Kill_Task,No,2,,,,,130,130,,,FALSE
Naughty_Skeleton_Kill_Task,http://acpedia.org/wiki/Naughty_Skeleton_Kill_Task,No,2,,,,,130,130,,,FALSE
Olthoi_Ripper_Kill_Task,http://acpedia.org/wiki/Olthoi_Ripper_Kill_Task,No,2,,,,,130,130,,,FALSE
Remoran_Sea_Raptor_Kill_Task,http://acpedia.org/wiki/Remoran_Sea_Raptor_Kill_Task,No,2,,,,,130,130,,,FALSE
Shallows_Gorger_Kill_Task,http://acpedia.org/wiki/Shallows_Gorger_Kill_Task,No,2,,,,,130,130,,,FALSE
Snow_Lilies,http://acpedia.org/wiki/Snow_Lilies,,2,,,,,0,130,130,,FALSE
The_Black_Spear_Ice_Totem,http://acpedia.org/wiki/The_Black_Spear_Ice_Totem,,3,,,,,130,130,130,,FALSE
Wicked_Skeleton_Kill_Task,http://acpedia.org/wiki/Wicked_Skeleton_Kill_Task,No,2,,,,,130,130,,,FALSE
Withered_Weapons,http://acpedia.org/wiki/Withered_Weapons,,7,,,,,100,130,130,,FALSE
Aerbax's_Prodigal_Shadow,http://acpedia.org/wiki/Aerbax's_Prodigal_Shadow,,4,,,,,140,140,140,,FALSE
Asheron's_Tower_Guardian,http://acpedia.org/wiki/Asheron's_Tower_Guardian,,5,,,,,0,140,140,,FALSE
Grael's_Summoning_Chamber,http://acpedia.org/wiki/Grael's_Summoning_Chamber,,6,,,,,140,140,140,,FALSE
Shield_of_Isin_Dule_Quest,http://acpedia.org/wiki/Shield_of_Isin_Dule_Quest,,3,,,,,55,140,140,,FALSE
Tracking_Grael,http://acpedia.org/wiki/Tracking_Grael,,6,,,,,140,140,140,,FALSE
Advanced_Colosseum_Arena,http://acpedia.org/wiki/Advanced_Colosseum_Arena,No,17,No,Yes,Yes,No,80,150,150,"Starts at round 6, complete regular to start from 1.",FALSE
Aerbax's_Citadel,http://acpedia.org/wiki/Aerbax's_Citadel,Yes,12,No,Yes,Yes,No,0,150,150,"Repeat required for full qb, up to 4 repeats",FALSE
Aerbax's_Prodigal_Banderling,http://acpedia.org/wiki/Aerbax's_Prodigal_Banderling,No,7,No,Yes,Yes,No,120,150,150,,FALSE
Aerbax's_Prodigal_Harbinger,http://acpedia.org/wiki/Aerbax's_Prodigal_Harbinger,Yes,6,No,Yes,Yes,Yes,0,150,150,"Every Harbinger item turned in gives 1qb, need to test if completion is unique also",FALSE
Aerbax's_Prodigal_Olthoi,http://acpedia.org/wiki/Aerbax's_Prodigal_Olthoi,,5,,,,,120,150,150,,FALSE
Aerbax's_Prodigal_Tusker,http://acpedia.org/wiki/Aerbax's_Prodigal_Tusker,,3,,,,,130,150,150,,FALSE
Aetherium_Ore_Collection,http://acpedia.org/wiki/Aetherium_Ore_Collection,,2,,,,,150,150,150,,FALSE
Aetherium_Power_Core_Collection,http://acpedia.org/wiki/Aetherium_Power_Core_Collection,,0,,,,,150,150,150,,FALSE
Aetherium_Raid_(High),http://acpedia.org/wiki/Aetherium_Raid_(High),,3,,,,,150,150,150,,FALSE
Amelia's_Lost_Toys,http://acpedia.org/wiki/Amelia's_Lost_Toys,,4,,,,,150,150,150,,FALSE
Apostate_Excavation_Investigation,http://acpedia.org/wiki/Apostate_Excavation_Investigation,,1,,,,,150,150,150,,FALSE
Atamarr_Tasks,http://acpedia.org/wiki/Atamarr_Tasks,,16,,,,,150,150,150,,FALSE
Bur_Recall_Quest,http://acpedia.org/wiki/Bur_Recall_Quest,,4,,,,,150,150,150,,FALSE
Burun_Liberator,http://acpedia.org/wiki/Burun_Liberator,,5,,,,,150,150,150,,FALSE
Dark_Isle_Flagging,http://acpedia.org/wiki/Dark_Isle_Flagging,,2,,,,,150,150,150,,FALSE
DeathTail_Quest,http://acpedia.org/wiki/DeathTail_Quest,,1,,,,,0,150,150,,FALSE
Dereth_Exploration,http://acpedia.org/wiki/Dereth_Exploration,,20,,,,,150,150,150,,FALSE
Diemos_Flagging,http://acpedia.org/wiki/Diemos_Flagging,,3,,,,,120,150,150,,FALSE
Disturbance_in_the_Ley_Lines,http://acpedia.org/wiki/Disturbance_in_the_Ley_Lines,,8,,,,,150,150,150,,FALSE
Eye_of_T'thuun_Quest,http://acpedia.org/wiki/Eye_of_T'thuun_Quest,No,1,,,,,150,150,,,FALSE
Falatacot_Depot_Quest,http://acpedia.org/wiki/Falatacot_Depot_Quest,,3,,,,,150,150,150,,FALSE
Floating_City_Quest,http://acpedia.org/wiki/Floating_City_Quest,,1,,,,,150,150,150,,FALSE
Gaerlan's_Citadel_(Uber),http://acpedia.org/wiki/Gaerlan's_Citadel_(Uber),,0,,,,,150,150,150,,FALSE
Gear_Crossbow_Quest,http://acpedia.org/wiki/Gear_Crossbow_Quest,,1,,,,,0,150,150,,FALSE
Gear_Knight_Kill_Task,http://acpedia.org/wiki/Gear_Knight_Kill_Task,No,5,,,,,150,150,,,FALSE
Gear_Knight_Squire_Kill_Task,http://acpedia.org/wiki/Gear_Knight_Squire_Kill_Task,No,4,,,,,150,150,,,FALSE
Ghost_Hunter_Quest,http://acpedia.org/wiki/Ghost_Hunter_Quest,,0,,,,,100,150,150,,FALSE
Guardian_of_the_Deru_Trees_of_Marae_Lassel,http://acpedia.org/wiki/Guardian_of_the_Deru_Trees_of_Marae_Lassel,,8,,,,,150,150,150,,FALSE
Guruk_Monstrosity_Kill_Task,http://acpedia.org/wiki/Guruk_Monstrosity_Kill_Task,No,2,,,,,150,150,,,FALSE
Harvesting_the_Bulb_of_Harvests,http://acpedia.org/wiki/Harvesting_the_Bulb_of_Harvests,,4,,,,,150,150,150,,FALSE
Harvesting_the_Bulb_of_Mornings,http://acpedia.org/wiki/Harvesting_the_Bulb_of_Mornings,,7,,,,,150,150,150,,FALSE
Harvesting_the_Bulb_of_Twilight,http://acpedia.org/wiki/Harvesting_the_Bulb_of_Twilight,,2,,,,,150,150,150,,FALSE
Ithaenc_Quiddity_Ingot_Purification,http://acpedia.org/wiki/Ithaenc_Quiddity_Ingot_Purification,,0,,,,,150,150,150,,FALSE
Lady_Mhoire_Quest,http://acpedia.org/wiki/Lady_Mhoire_Quest,,1,,,,,0,150,150,,FALSE
Lord_Rytheran's_Journal,http://acpedia.org/wiki/Lord_Rytheran's_Journal,,3,,,,,0,150,150,,FALSE
Lost_Lore,http://acpedia.org/wiki/Lost_Lore,,3,,,,,150,150,150,,FALSE
Moarsmen_on_the_Shores_(Ayan_Baqur),http://acpedia.org/wiki/Moarsmen_on_the_Shores_(Ayan_Baqur),,2,,,,,0,150,150,,FALSE
Mosswart_Worshipper_Kill_Task,http://acpedia.org/wiki/Mosswart_Worshipper_Kill_Task,No,2,,,,,150,150,,,FALSE
Mottled_Carenzi_Kill_Task,http://acpedia.org/wiki/Mottled_Carenzi_Kill_Task,No,2,,,,,150,150,,,FALSE
Mukkir_Nest_Quest,http://acpedia.org/wiki/Mukkir_Nest_Quest,,1,,,,,150,150,150,,FALSE
Necklace_of_the_Golden_Flame_Quest,http://acpedia.org/wiki/Necklace_of_the_Golden_Flame_Quest,,1,,,,,0,150,150,,FALSE
Nexus_Crawl,http://acpedia.org/wiki/Nexus_Crawl,,5,,,,,150,150,150,,FALSE
Protecting_Picketed_Pets,http://acpedia.org/wiki/Protecting_Picketed_Pets,,0,,,,,150,150,150,,FALSE
Radiant_Mana_Infusion_Quest,http://acpedia.org/wiki/Radiant_Mana_Infusion_Quest,,0,,,,,150,150,150,,FALSE
Ranger_Lord_Mhoire,http://acpedia.org/wiki/Ranger_Lord_Mhoire,,1,,,,,0,150,150,,FALSE
Releasing_the_Light,http://acpedia.org/wiki/Releasing_the_Light,,4,,,,,150,150,150,,FALSE
Rescuing_Mouf_P,http://acpedia.org/wiki/Rescuing_Mouf_P,,2,,,,,150,150,150,,FALSE
Ruschk_Challenger_Quest,http://acpedia.org/wiki/Ruschk_Challenger_Quest,,3,,,,,0,150,150,,FALSE
Saving_Asheron,http://acpedia.org/wiki/Saving_Asheron,,5,,,,,80,150,150,,FALSE
Sepulcher_of_Nightmares,http://acpedia.org/wiki/Sepulcher_of_Nightmares,,8,,,,,150,150,150,,FALSE
Splitting_Grael_(High),http://acpedia.org/wiki/Splitting_Grael_(High),,5,,,,,150,150,150,,FALSE
Summoning_T'thuun,http://acpedia.org/wiki/Summoning_T'thuun,,0,,,,,0,150,150,,FALSE
The_Archivist_Quest,http://acpedia.org/wiki/The_Archivist_Quest,,3,,,,,120,150,150,,FALSE
The_Dark_Spiral_Quest,http://acpedia.org/wiki/The_Dark_Spiral_Quest,,2,,,,,126,150,150,,FALSE
The_Mage_Academy,http://acpedia.org/wiki/The_Mage_Academy,,2,,,,,150,150,150,,FALSE
The_Temple_of_Xik_Minru,http://acpedia.org/wiki/The_Temple_of_Xik_Minru,,7,,,,,130,150,150,,FALSE
Uncovering_the_Renegades,http://acpedia.org/wiki/Uncovering_the_Renegades,,3,,,,,150,150,150,,FALSE
Undead_Attack_on_Al-Jalima,http://acpedia.org/wiki/Undead_Attack_on_Al-Jalima,,0,,,,,0,150,150,,FALSE
Unleash_the_Gearknights,http://acpedia.org/wiki/Unleash_the_Gearknights,,3,,,,,150,150,150,,FALSE
Mukkir_Aspect_of_Grael_Quest,http://acpedia.org/wiki/Mukkir_Aspect_of_Grael_Quest,,7,,,,,151,151,151,,FALSE
Jester_Focuses,http://acpedia.org/wiki/Jester_Focuses,,3,,,,,160,160,160,,FALSE
Jester_Released,http://acpedia.org/wiki/Jester_Released,,0,,,,,160,160,160,,FALSE
Jester's_Lost_Marbles,http://acpedia.org/wiki/Jester's_Lost_Marbles,,14,,,,,160,160,160,,FALSE
Releasing_Jester,http://acpedia.org/wiki/Releasing_Jester,,9,,,,,160,160,160,,FALSE
Aerbax's_Prodigal_Human,http://acpedia.org/wiki/Aerbax's_Prodigal_Human,No,3,No,No,Yes,No,150,170,170,,FALSE
Adept_Test,http://acpedia.org/wiki/Adept_Test,No,4,No,No,Yes,No,180,180,180,"You do not get qb credit from talking to your faction NPC, must kill them and loot it.",FALSE
Artifact_Collection,http://acpedia.org/wiki/Artifact_Collection,,2,,,,,180,180,180,,FALSE
Black_Coral_Collection,http://acpedia.org/wiki/Black_Coral_Collection,,2,,,,,180,180,180,,FALSE
Black_Coral_Golem_Kill_Task,http://acpedia.org/wiki/Black_Coral_Golem_Kill_Task,No,6,,,,,180,180,,,FALSE
Blessed_Moarsman_Kill_Task,http://acpedia.org/wiki/Blessed_Moarsman_Kill_Task,No,4,,,,,180,180,,,FALSE
Blight_Lord_Lair_Quest,http://acpedia.org/wiki/Blight_Lord_Lair_Quest,,0,,,,,180,180,180,,FALSE
Blighted_Coral_Golem_Kill_Task,http://acpedia.org/wiki/Blighted_Coral_Golem_Kill_Task,No,4,,,,,180,180,,,FALSE
Celestial_Hand_Initiation,http://acpedia.org/wiki/Celestial_Hand_Initiation,,2,,,,,180,180,180,,FALSE
Collect_Gear_Knight_Parts,http://acpedia.org/wiki/Collect_Gear_Knight_Parts,,0,,,,,180,180,180,,FALSE
Commendation_Ribbon_Recovery,http://acpedia.org/wiki/Commendation_Ribbon_Recovery,,2,,,,,180,180,180,,FALSE
Coral_Tower_Destroyer,http://acpedia.org/wiki/Coral_Tower_Destroyer,,7,,,,,180,180,180,,FALSE
Corrupted_Gravestone_Kill_Task,http://acpedia.org/wiki/Corrupted_Gravestone_Kill_Task,No,4,,,,,180,180,,,FALSE
Count_Phainor's_Amulet,http://acpedia.org/wiki/Count_Phainor's_Amulet,,1,,,,,180,180,180,,FALSE
Dark_Isle_Delivery,http://acpedia.org/wiki/Dark_Isle_Delivery,No,3,,,,,180,180,,,FALSE
Dark_Isle_Scouting,http://acpedia.org/wiki/Dark_Isle_Scouting,,2,,,,,180,180,180,,FALSE
Defeating_Bandit_Mana_Hunter_Boss,http://acpedia.org/wiki/Defeating_Bandit_Mana_Hunter_Boss,,2,,,,,180,180,180,,FALSE
Defeating_the_Curator_of_Torment,http://acpedia.org/wiki/Defeating_the_Curator_of_Torment,,8,,,,,180,180,180,,FALSE
Defeating_Vaeshok,http://acpedia.org/wiki/Defeating_Vaeshok,No,3,,,,,180,180,,,FALSE
Desert_Cactus_Kill_Task,http://acpedia.org/wiki/Desert_Cactus_Kill_Task,No,2,,,,,180,180,,,FALSE
Devourer_Margul_Kill_Task,http://acpedia.org/wiki/Devourer_Margul_Kill_Task,No,4,,,,,180,180,,,FALSE
Disrupting_the_Mana_Siphon,http://acpedia.org/wiki/Disrupting_the_Mana_Siphon,,0,,,,,180,180,180,,FALSE
Don't_Feed_the_Fowl,http://acpedia.org/wiki/Don't_Feed_the_Fowl,,1,,,,,180,180,180,,FALSE
Eldrytch_Web_Initiation,http://acpedia.org/wiki/Eldrytch_Web_Initiation,,1,,,,,180,180,180,,FALSE
Empyrean_Rescue_Quest,http://acpedia.org/wiki/Empyrean_Rescue_Quest,,5,,,,,180,180,180,,FALSE
Falatacot_Report_Collector,http://acpedia.org/wiki/Falatacot_Report_Collector,,3,,,,,180,180,180,,FALSE
Fear_Factory_Quest,http://acpedia.org/wiki/Fear_Factory_Quest,,5,,,,,180,180,180,,FALSE
Forgotten_Tunnels_of_Nyr'leha,http://acpedia.org/wiki/Forgotten_Tunnels_of_Nyr'leha,,0,,,,,180,180,180,,FALSE
Four_Corners_of_Dereth,http://acpedia.org/wiki/Four_Corners_of_Dereth,,8,,,,,180,180,180,,FALSE
Frozen_Crystal_Kill_Task,http://acpedia.org/wiki/Frozen_Crystal_Kill_Task,No,2,,,,,180,180,,,FALSE
Gear_Knight_Phalanx_Kill_Task,http://acpedia.org/wiki/Gear_Knight_Phalanx_Kill_Task,No,4,,,,,180,180,,,FALSE
Glowing_Jungle_Lily_Collector,http://acpedia.org/wiki/Glowing_Jungle_Lily_Collector,,2,,,,,180,180,180,,FALSE
Glowing_Moar_Gland_Collector,http://acpedia.org/wiki/Glowing_Moar_Gland_Collector,,2,,,,,180,180,180,,FALSE
Graveyard_Delivery,http://acpedia.org/wiki/Graveyard_Delivery,,3,,,,,180,180,180,,FALSE
Graveyard_Skeleton_Kill_Task,http://acpedia.org/wiki/Graveyard_Skeleton_Kill_Task,No,4,,,,,180,180,,,FALSE
Graveyard_Spirit_Kill_Task,http://acpedia.org/wiki/Graveyard_Spirit_Kill_Task,No,4,,,,,180,180,,,FALSE
Graveyard_Wight_Kill_Task,http://acpedia.org/wiki/Graveyard_Wight_Kill_Task,No,5,,,,,180,180,,,FALSE
Graveyard_Wisp_Kill_Task,http://acpedia.org/wiki/Graveyard_Wisp_Kill_Task,No,4,,,,,180,180,,,FALSE
Grievver_Shredder_Kill_Task,http://acpedia.org/wiki/Grievver_Shredder_Kill_Task,No,4,,,,,180,180,,,FALSE
Harlune's_Diplomacy,http://acpedia.org/wiki/Harlune's_Diplomacy,,4,,,,,180,180,180,,FALSE
High_Priest_of_T'thuun_Kill_Task,http://acpedia.org/wiki/High_Priest_of_T'thuun_Kill_Task,No,9,,,,,180,180,,,FALSE
Hive_Queen_Assault,http://acpedia.org/wiki/Hive_Queen_Assault,,2,,,,,180,180,180,,FALSE
Holly_Jolly_Helper_Quest,http://acpedia.org/wiki/Holly_Jolly_Helper_Quest,No,3,,,,,180,180,,,FALSE
Janthef's_Release,http://acpedia.org/wiki/Janthef's_Release,,2,,,,,180,180,180,,FALSE
Kill:_Empowered_Wisps,http://acpedia.org/wiki/Kill:_Empowered_Wisps,No,4,,,,,180,180,,,FALSE
Kill:_Rynthid_Minions,http://acpedia.org/wiki/Kill:_Rynthid_Minions,No,4,,,,,180,180,,,FALSE
Kill:_Rynthid_Ragers,http://acpedia.org/wiki/Kill:_Rynthid_Ragers,No,4,,,,,180,180,,,FALSE
Kill:_Rynthid_Rare_Boss,http://acpedia.org/wiki/Kill:_Rynthid_Rare_Boss,No,4,,,,,180,180,,,FALSE
Kill:_Rynthid_Rifts,http://acpedia.org/wiki/Kill:_Rynthid_Rifts,No,4,,,,,180,180,,,FALSE
Kill:_Rynthid_Slayers,http://acpedia.org/wiki/Kill:_Rynthid_Slayers,No,4,,,,,180,180,,,FALSE
Kill:_Rynthid_Sorcerers,http://acpedia.org/wiki/Kill:_Rynthid_Sorcerers,No,4,,,,,180,180,,,FALSE
Killer_Phyntos_Wasp_Kill_Task,http://acpedia.org/wiki/Killer_Phyntos_Wasp_Kill_Task,No,4,,,,,180,180,,,FALSE
Knight_Test,http://acpedia.org/wiki/Knight_Test,,1,,,,,180,180,180,,FALSE
Legendary_Quests,http://acpedia.org/wiki/Legendary_Quests,,1,,,,,180,180,180,,FALSE
Liberation_of_Uziz,http://acpedia.org/wiki/Liberation_of_Uziz,,3,,,,,180,180,180,,FALSE
Lord_Test,http://acpedia.org/wiki/Lord_Test,,11,,,,,180,180,180,,FALSE
Lugian_Assault,http://acpedia.org/wiki/Lugian_Assault,,3,,,,,180,180,180,,FALSE
Magshuth_Moarsmen_Kill_Task,http://acpedia.org/wiki/Magshuth_Moarsmen_Kill_Task,No,4,,,,,180,180,,,FALSE
Mana-Infused_Jungle_Flower_Collector,http://acpedia.org/wiki/Mana-Infused_Jungle_Flower_Collector,,2,,,,,180,180,180,,FALSE
Master_Test,http://acpedia.org/wiki/Master_Test,,1,,,,,180,180,180,,FALSE
Menhir_Research,http://acpedia.org/wiki/Menhir_Research,,3,,,,,50,180,180,,FALSE
Moarsman_Spawning_Pools,http://acpedia.org/wiki/Moarsman_Spawning_Pools,,7,,,,,180,180,180,,FALSE
Moarsmen_Jailbreak,http://acpedia.org/wiki/Moarsmen_Jailbreak,No,9,,,,,180,180,,,FALSE
Moguth_Moarsman_Kill_Task,http://acpedia.org/wiki/Moguth_Moarsman_Kill_Task,No,4,,,,,180,180,,,FALSE
Nyr'leha_Moarsman_Kill_Task,http://acpedia.org/wiki/Nyr'leha_Moarsman_Kill_Task,No,2,,,,,180,180,,,FALSE
Nyr'leha_Sclavus_Kill_Task,http://acpedia.org/wiki/Nyr'leha_Sclavus_Kill_Task,No,2,,,,,180,180,,,FALSE
Palm_Fort,http://acpedia.org/wiki/Palm_Fort,,0,,,,,180,180,180,,FALSE
Phyntos_Honey_Collector,http://acpedia.org/wiki/Phyntos_Honey_Collector,,1,,,,,180,180,180,,FALSE
Phyntos_Larva_Kill_Task,http://acpedia.org/wiki/Phyntos_Larva_Kill_Task,No,4,,,,,180,180,,,FALSE
Phyntos_Queen_Quest,http://acpedia.org/wiki/Phyntos_Queen_Quest,,1,,,,,180,180,180,,FALSE
Phyntos_Splinter_Collector,http://acpedia.org/wiki/Phyntos_Splinter_Collector,,0,,,,,180,180,180,,FALSE
Purging_the_Corruption,http://acpedia.org/wiki/Purging_the_Corruption,,1,,,,,180,180,180,,FALSE
Radiant_Blood_Initiation,http://acpedia.org/wiki/Radiant_Blood_Initiation,,1,,,,,180,180,180,,FALSE
Rare_Island_Trophies,http://acpedia.org/wiki/Rare_Island_Trophies,,0,,,,,180,180,180,,FALSE
Rynthid_Crystal_Kill_Task,http://acpedia.org/wiki/Rynthid_Crystal_Kill_Task,No,3,,,,,180,180,,,FALSE
Rynthid_Foothold,http://acpedia.org/wiki/Rynthid_Foothold,,3,,,,,180,180,180,,FALSE
Rynthid_Foundry_Quest,http://acpedia.org/wiki/Rynthid_Foundry_Quest,,3,,,,,180,180,180,,FALSE
Rynthid_Training,http://acpedia.org/wiki/Rynthid_Training,,35,,,,,180,180,180,,FALSE
Sarcophagus_Kill_Task,http://acpedia.org/wiki/Sarcophagus_Kill_Task,No,2,,,,,180,180,,,FALSE
Seed_of_Power,http://acpedia.org/wiki/Seed_of_Power,,4,,,,,180,180,180,,FALSE
Serpent_Burial_Grounds_Quest,http://acpedia.org/wiki/Serpent_Burial_Grounds_Quest,,4,,,,,150,180,180,,FALSE
Shambling_Archivist_Destroyer,http://acpedia.org/wiki/Shambling_Archivist_Destroyer,No,3,,,,,180,180,,,FALSE
Shoguth_Moarsman_Kill_Task,http://acpedia.org/wiki/Shoguth_Moarsman_Kill_Task,No,4,,,,,180,180,,,FALSE
Shroud_of_Emotion,http://acpedia.org/wiki/Shroud_of_Emotion,,9,,,,,180,180,180,,FALSE
Snow_Tusker_Blood_Collection,http://acpedia.org/wiki/Snow_Tusker_Blood_Collection,,2,,,,,180,180,180,,FALSE
Snow_Tusker_Kill_Task,http://acpedia.org/wiki/Snow_Tusker_Kill_Task,No,7,,,,,180,180,,,FALSE
Society_Infiltration,http://acpedia.org/wiki/Society_Infiltration,,9,,,,,180,180,180,,FALSE
Supply_Saboteur,http://acpedia.org/wiki/Supply_Saboteur,,0,,,,,180,180,180,,FALSE
The_Crystal_Amulet_of_the_A'nekshay,http://acpedia.org/wiki/The_Crystal_Amulet_of_the_A'nekshay,,3,,,,,180,180,180,,FALSE
The_Crystal_Idol_of_the_A'nekshay,http://acpedia.org/wiki/The_Crystal_Idol_of_the_A'nekshay,,4,,,,,180,180,180,,FALSE
The_Crystal_Staff_of_the_A'nekshay,http://acpedia.org/wiki/The_Crystal_Staff_of_the_A'nekshay,,2,,,,,180,180,180,,FALSE
The_Crystal_Sword_of_the_A'nekshay,http://acpedia.org/wiki/The_Crystal_Sword_of_the_A'nekshay,,3,,,,,180,180,180,,FALSE
Tracing_The_Stone,http://acpedia.org/wiki/Tracing_The_Stone,No,3,,,,,180,180,,,FALSE
Wardley_and_the_Wights,http://acpedia.org/wiki/Wardley_and_the_Wights,,2,,,,,180,180,180,,FALSE
Weeding_of_the_Deru_Tree,http://acpedia.org/wiki/Weeding_of_the_Deru_Tree,No,6,,,,,180,180,,,FALSE
Wight_Blade_Sorcerer_Kill_Task,http://acpedia.org/wiki/Wight_Blade_Sorcerer_Kill_Task,No,4,,,,,180,180,,,FALSE
A'nekshay_Bracer_Collecting,http://acpedia.org/wiki/A'nekshay_Bracer_Collecting,No,3,No,No,Yes,No,200,200,200,,FALSE
Access_to_the_Viridian_Rise,http://acpedia.org/wiki/Access_to_the_Viridian_Rise,No,11,No,No,Yes,,0,200,200,Need to test if doing the lore bits gives qb,FALSE
Aerbax's_Prodigal_Lugian,http://acpedia.org/wiki/Aerbax's_Prodigal_Lugian,No,19,No,No,Yes,Yes,150,200,200,"Failing the mind trial might give qb, need to test",FALSE
Apostate_Finale,http://acpedia.org/wiki/Apostate_Finale,,3,,,,,150,200,200,,FALSE
Armoredillo_Hunting:_Lost_City_of_Neftet,http://acpedia.org/wiki/Armoredillo_Hunting:_Lost_City_of_Neftet,No,4,,,,,200,200,,,FALSE
Bloodstone_Investigation,http://acpedia.org/wiki/Bloodstone_Investigation,,8,,,,,200,200,200,,FALSE
Castle_of_Lord_Mhoire_Quest,http://acpedia.org/wiki/Castle_of_Lord_Mhoire_Quest,,28,,,,,125,200,200,,FALSE
Climbing_the_Viridian_Deru_Tree,http://acpedia.org/wiki/Climbing_the_Viridian_Deru_Tree,,1,,,,,200,200,200,,FALSE
Corrupted_Amber_Collection,http://acpedia.org/wiki/Corrupted_Amber_Collection,,0,,,,,0,200,200,,FALSE
Dark_Recordings,http://acpedia.org/wiki/Dark_Recordings,,0,,,,,200,200,200,,FALSE
Death's_Allure,http://acpedia.org/wiki/Death's_Allure,,9,,,,,175,200,200,,FALSE
Deewain's_Dark_Cavern,http://acpedia.org/wiki/Deewain's_Dark_Cavern,,4,,,,,180,200,200,,FALSE
Defeat_Hoshino_Kei,http://acpedia.org/wiki/Defeat_Hoshino_Kei,,6,,,,,150,200,200,,FALSE
Delving_into_Claude's_Mind,http://acpedia.org/wiki/Delving_into_Claude's_Mind,,11,,,,,200,200,200,,FALSE
Dericost_Ritual_Investigation,http://acpedia.org/wiki/Dericost_Ritual_Investigation,,5,,,,,30,200,200,,FALSE
Dream_Reaver_Investigation,http://acpedia.org/wiki/Dream_Reaver_Investigation,,0,,,,,200,200,200,,FALSE
Drudge_Present_Raids,http://acpedia.org/wiki/Drudge_Present_Raids,,0,,,,,0,200,200,,FALSE
End_of_Days,http://acpedia.org/wiki/End_of_Days,,4,,,,,200,200,200,,FALSE
Fate_of_Bael'Zharon,http://acpedia.org/wiki/Fate_of_Bael'Zharon,,0,,,,,200,200,200,,FALSE
Foundry_of_Izexi_Quest,http://acpedia.org/wiki/Foundry_of_Izexi_Quest,,5,,,,,200,200,200,,FALSE
Frost_Golem_Kill_Task,http://acpedia.org/wiki/Frost_Golem_Kill_Task,No,2,,,,,200,200,,,FALSE
Frozen_Dread_Kill_Task,http://acpedia.org/wiki/Frozen_Dread_Kill_Task,No,2,,,,,200,200,,,FALSE
Frozen_Fortress_Laboratory_Quest,http://acpedia.org/wiki/Frozen_Fortress_Laboratory_Quest,,2,,,,,200,200,200,,FALSE
Frozen_Fortress_Testing_Grounds_Quest,http://acpedia.org/wiki/Frozen_Fortress_Testing_Grounds_Quest,,3,,,,,200,200,200,,FALSE
Frozen_Wight_Kill_Task,http://acpedia.org/wiki/Frozen_Wight_Kill_Task,No,2,,,,,200,200,,,FALSE
Geraine's_Hosts,http://acpedia.org/wiki/Geraine's_Hosts,,21,,,,,150,200,200,,FALSE
Golem_Hunting:_Lost_City_of_Neftet,http://acpedia.org/wiki/Golem_Hunting:_Lost_City_of_Neftet,No,4,,,,,200,200,,,FALSE
Golem_Samurai_Kill_Task,http://acpedia.org/wiki/Golem_Samurai_Kill_Task,No,4,,,,,200,200,,,FALSE
Guardian_Statue_Kill_Task,http://acpedia.org/wiki/Guardian_Statue_Kill_Task,No,2,,,,,200,200,,,FALSE
Gurog_Creation,http://acpedia.org/wiki/Gurog_Creation,,2,,,,,200,200,200,,FALSE
Gurog_Kill_Task,http://acpedia.org/wiki/Gurog_Kill_Task,No,8,,,,,200,200,,,FALSE
Gurog_Present_Raids,http://acpedia.org/wiki/Gurog_Present_Raids,,0,,,,,0,200,200,,FALSE
Halt_Dericost_Ritual_Quest,http://acpedia.org/wiki/Halt_Dericost_Ritual_Quest,,5,,,,,200,200,200,,FALSE
Hive_Eviscerator_Pincer_Quest,http://acpedia.org/wiki/Hive_Eviscerator_Pincer_Quest,,2,,,,,200,200,200,,FALSE
Hive_Warrior_Pincer_Quest,http://acpedia.org/wiki/Hive_Warrior_Pincer_Quest,,2,,,,,200,200,200,,FALSE
Hoshino_Fortress_Infiltration,http://acpedia.org/wiki/Hoshino_Fortress_Infiltration,,10,,,,,200,200,200,,FALSE
Infused_Amber_Collection,http://acpedia.org/wiki/Infused_Amber_Collection,,0,,,,,200,200,200,,FALSE
Iron_Blade_Commander,http://acpedia.org/wiki/Iron_Blade_Commander,No,3,,,,,200,200,,,FALSE
Lord_Mhoire_Quest,http://acpedia.org/wiki/Lord_Mhoire_Quest,,8,,,,,50,200,200,,FALSE
Mhoire_Infiltration,http://acpedia.org/wiki/Mhoire_Infiltration,,4,,,,,150,200,200,,FALSE
Moarsmen_on_the_Shores_(Eastwatch),http://acpedia.org/wiki/Moarsmen_on_the_Shores_(Eastwatch),,2,,,,,0,200,200,,FALSE
Mumiyah_Hunting:_Lost_City_of_Neftet,http://acpedia.org/wiki/Mumiyah_Hunting:_Lost_City_of_Neftet,No,2,,,,,200,200,,,FALSE
Nalicana's_Test,http://acpedia.org/wiki/Nalicana's_Test,,5,,,,,200,200,200,,FALSE
Nanjou_Stockade,http://acpedia.org/wiki/Nanjou_Stockade,,4,,,,,200,200,200,,FALSE
Ninja_Academy,http://acpedia.org/wiki/Ninja_Academy,,4,,,,,200,200,200,,FALSE
Noble_Remains_Kill_Task,http://acpedia.org/wiki/Noble_Remains_Kill_Task,No,2,,,,,200,200,,,FALSE
Oubliette_of_Mhoire_Castle_Quest,http://acpedia.org/wiki/Oubliette_of_Mhoire_Castle_Quest,,1,,,,,125,200,200,,FALSE
Prickly_Pear_Collecting,http://acpedia.org/wiki/Prickly_Pear_Collecting,,2,,,,,200,200,200,,FALSE
Reedshark_Hunting:_Lost_City_of_Neftet,http://acpedia.org/wiki/Reedshark_Hunting:_Lost_City_of_Neftet,No,4,,,,,200,200,,,FALSE
Rynthid_Artifact_Collection,http://acpedia.org/wiki/Rynthid_Artifact_Collection,,9,,,,,180,200,200,,FALSE
Save_Karul,http://acpedia.org/wiki/Save_Karul,,2,,,,,200,200,200,,FALSE
Sclavus_Santa's_House_Quest,http://acpedia.org/wiki/Sclavus_Santa's_House_Quest,,0,,,,,0,200,200,,FALSE
Sealing_Away_the_Book_of_Eibhil,http://acpedia.org/wiki/Sealing_Away_the_Book_of_Eibhil,,0,,,,,150,200,200,,FALSE
Shadow_Assault,http://acpedia.org/wiki/Shadow_Assault,,0,,,,,200,200,200,,FALSE
Shadow_Communication,http://acpedia.org/wiki/Shadow_Communication,,0,,,,,200,200,200,,FALSE
Slave_Master_Quest,http://acpedia.org/wiki/Slave_Master_Quest,,12,,,,,180,200,200,,FALSE
Snow_Tusker_Leader_Tusk_Quest,http://acpedia.org/wiki/Snow_Tusker_Leader_Tusk_Quest,,1,,,,,200,200,200,,FALSE
Spectral_Archer_Kill_Task,http://acpedia.org/wiki/Spectral_Archer_Kill_Task,No,4,,,,,200,200,,,FALSE
Spectral_Blade_and_Claw_Kill_Task,http://acpedia.org/wiki/Spectral_Blade_and_Claw_Kill_Task,No,4,,,,,200,200,,,FALSE
Spectral_Bushi_Kill_Task,http://acpedia.org/wiki/Spectral_Bushi_Kill_Task,No,4,,,,,200,200,,,FALSE
Spectral_Mage_Kill_Task,http://acpedia.org/wiki/Spectral_Mage_Kill_Task,No,4,,,,,200,200,,,FALSE
Spectral_Minion_Kill_Task,http://acpedia.org/wiki/Spectral_Minion_Kill_Task,No,4,,,,,200,200,,,FALSE
Spectral_Nanjou_Shou-jen_Kill_Task,http://acpedia.org/wiki/Spectral_Nanjou_Shou-jen_Kill_Task,No,4,,,,,200,200,,,FALSE
Spectral_Samurai_Kill_Task,http://acpedia.org/wiki/Spectral_Samurai_Kill_Task,No,4,,,,,200,200,,,FALSE
Stone_Tablet_Collecting,http://acpedia.org/wiki/Stone_Tablet_Collecting,,1,,,,,200,200,200,,FALSE
Stop_the_Rebuilding,http://acpedia.org/wiki/Stop_the_Rebuilding,,0,,,,,200,200,200,,FALSE
Strange_Crystal_Quest,http://acpedia.org/wiki/Strange_Crystal_Quest,,0,,,,,200,200,200,,FALSE
Strathelar_Royal_Cloak_Quest,http://acpedia.org/wiki/Strathelar_Royal_Cloak_Quest,,5,,,,,200,200,200,,FALSE
Tanada_Intercept,http://acpedia.org/wiki/Tanada_Intercept,,3,,,,,200,200,200,,FALSE
Tanada_Slaughter,http://acpedia.org/wiki/Tanada_Slaughter,,4,,,,,200,200,200,,FALSE
Tou-Tou_Blockade,http://acpedia.org/wiki/Tou-Tou_Blockade,,0,,,,,200,200,200,,FALSE
Viridian_A'nekshen_Kill_Task,http://acpedia.org/wiki/Viridian_A'nekshen_Kill_Task,No,4,,,,,200,200,,,FALSE
Viridian_Wasp_Kill_Task,http://acpedia.org/wiki/Viridian_Wasp_Kill_Task,No,4,,,,,200,200,,,FALSE
Viridian_Zefir_Kill_Task,http://acpedia.org/wiki/Viridian_Zefir_Kill_Task,No,4,,,,,200,200,,,FALSE
Virindi_Rescue,http://acpedia.org/wiki/Virindi_Rescue,,3,,,,,150,200,200,,FALSE
Enlightenment,http://acpedia.org/wiki/Enlightenment,,0,,,,,275,275,275,,FALSE
Gauntlet,http://acpedia.org/wiki/Gauntlet,,29,,,,,180,275,275,,FALSE
Gauntlet_Bosses,http://acpedia.org/wiki/Gauntlet_Bosses,,0,,,,,180,275,275,,FALSE
Honeyed_Meads,http://acpedia.org/wiki/Honeyed_Meads,,0,,,,,200,275,275,,FALSE
Paragon_Weapons,http://acpedia.org/wiki/Paragon_Weapons,,2,,,,,200,275,275,,FALSE
Monthly_Game_Hunter,http://acpedia.org/wiki/Monthly_Game_Hunter,,10,,,,,0,"50, 100, 150","50, 100, 150",,FALSE
Burun_Raids,https://asheron.fandom.com/wiki/Burun_Raids,,2,,,No,,,,,,FALSE